date,t,cp_location,cp_location_norm,cp_score
2007-10-31,126,,,
2007-11-01,127,,,
2007-11-02,128,,,
2007-11-05,129,,,
2007-11-06,130,,,
2007-11-07,131,,,
2007-11-08,132,,,
2007-11-09,133,,,
2007-11-12,134,,,
2007-11-13,135,,,
2007-11-14,136,,,
2007-11-15,137,,,
2007-11-16,138,,,
2007-11-19,139,,,
2007-11-20,140,,,
2007-11-21,141,,,
2007-11-23,142,,,
2007-11-26,143,,,
2007-11-27,144,,,
2007-11-28,145,,,
2007-11-29,146,,,
2007-11-30,147,,,
2007-12-03,148,,,
2007-12-04,149,,,
2007-12-05,150,,,
2007-12-06,151,,,
2007-12-07,152,,,
2007-12-10,153,,,
2007-12-11,154,,,
2007-12-12,155,,,
2007-12-13,156,,,
2007-12-14,157,,,
2007-12-17,158,,,
2007-12-18,159,,,
2007-12-19,160,,,
2007-12-20,161,,,
2007-12-21,162,,,
2007-12-24,163,,,
2007-12-26,164,,,
2007-12-27,165,,,
2007-12-28,166,,,
2007-12-31,167,,,
2008-01-02,168,,,
2008-01-03,169,,,
2008-01-04,170,,,
2008-01-07,171,,,
2008-01-08,172,,,
2008-01-09,173,,,
2008-01-10,174,,,
2008-01-11,175,,,
2008-01-14,176,,,
2008-01-15,177,,,
2008-01-16,178,,,
2008-01-17,179,,,
2008-01-18,180,,,
2008-01-22,181,,,
2008-01-23,182,,,
2008-01-24,183,,,
2008-01-25,184,,,
2008-01-28,185,,,
2008-01-29,186,,,
2008-01-30,187,,,
2008-01-31,188,,,
2008-02-01,189,,,
2008-02-04,190,,,
2008-02-05,191,,,
2008-02-06,192,,,
2008-02-07,193,,,
2008-02-08,194,,,
2008-02-11,195,,,
2008-02-12,196,,,
2008-02-13,197,,,
2008-02-14,198,,,
2008-02-15,199,,,
2008-02-19,200,,,
2008-02-20,201,,,
2008-02-21,202,,,
2008-02-22,203,,,
2008-02-25,204,,,
2008-02-26,205,,,
2008-02-27,206,,,
2008-02-28,207,,,
2008-02-29,208,,,
2008-03-03,209,,,
2008-03-04,210,,,
2008-03-05,211,,,
2008-03-06,212,,,
2008-03-07,213,,,
2008-03-10,214,,,
2008-03-11,215,,,
2008-03-12,216,,,
2008-03-13,217,,,
2008-03-14,218,,,
2008-03-17,219,,,
2008-03-18,220,,,
2008-03-19,221,,,
2008-03-20,222,,,
2008-03-24,223,,,
2008-03-25,224,,,
2008-03-26,225,,,
2008-03-27,226,,,
2008-03-28,227,,,
2008-03-31,228,,,
2008-04-01,229,,,
2008-04-02,230,,,
2008-04-03,231,,,
2008-04-04,232,,,
2008-04-07,233,,,
2008-04-08,234,,,
2008-04-09,235,,,
2008-04-10,236,,,
2008-04-11,237,,,
2008-04-14,238,,,
2008-04-15,239,,,
2008-04-16,240,,,
2008-04-17,241,,,
2008-04-18,242,,,
2008-04-21,243,,,
2008-04-22,244,,,
2008-04-23,245,,,
2008-04-24,246,,,
2008-04-25,247,,,
2008-04-28,248,,,
2008-04-29,249,,,
2008-04-30,250,,,
2008-05-01,251,,,
2008-05-02,252,,,
2008-05-05,253,,,
2008-05-06,254,,,
2008-05-07,255,,,
2008-05-08,256,,,
2008-05-09,257,,,
2008-05-12,258,,,
2008-05-13,259,,,
2008-05-14,260,,,
2008-05-15,261,,,
2008-05-16,262,,,
2008-05-19,263,,,
2008-05-20,264,,,
2008-05-21,265,,,
2008-05-22,266,,,
2008-05-23,267,,,
2008-05-27,268,,,
2008-05-28,269,,,
2008-05-29,270,,,
2008-05-30,271,,,
2008-06-02,272,,,
2008-06-03,273,,,
2008-06-04,274,,,
2008-06-05,275,,,
2008-06-06,276,,,
2008-06-09,277,,,
2008-06-10,278,,,
2008-06-11,279,,,
2008-06-12,280,,,
2008-06-13,281,,,
2008-06-16,282,,,
2008-06-17,283,,,
2008-06-18,284,,,
2008-06-19,285,,,
2008-06-20,286,,,
2008-06-23,287,,,
2008-06-24,288,,,
2008-06-25,289,,,
2008-06-26,290,,,
2008-06-27,291,,,
2008-06-30,292,,,
2008-07-01,293,,,
2008-07-02,294,,,
2008-07-03,295,,,
2008-07-07,296,,,
2008-07-08,297,,,
2008-07-09,298,,,
2008-07-10,299,,,
2008-07-11,300,,,
2008-07-14,301,,,
2008-07-15,302,,,
2008-07-16,303,,,
2008-07-17,304,,,
2008-07-18,305,,,
2008-07-21,306,,,
2008-07-22,307,,,
2008-07-23,308,,,
2008-07-24,309,,,
2008-07-25,310,,,
2008-07-28,311,,,
2008-07-29,312,,,
2008-07-30,313,,,
2008-07-31,314,,,
2008-08-01,315,,,
2008-08-04,316,,,
2008-08-05,317,,,
2008-08-06,318,,,
2008-08-07,319,,,
2008-08-08,320,,,
2008-08-11,321,,,
2008-08-12,322,,,
2008-08-13,323,,,
2008-08-14,324,,,
2008-08-15,325,,,
2008-08-18,326,,,
2008-08-19,327,,,
2008-08-20,328,,,
2008-08-21,329,,,
2008-08-22,330,,,
2008-08-25,331,,,
2008-08-26,332,,,
2008-08-27,333,,,
2008-08-28,334,,,
2008-08-29,335,,,
2008-09-02,336,,,
2008-09-03,337,,,
2008-09-04,338,,,
2008-09-05,339,,,
2008-09-08,340,,,
2008-09-09,341,,,
2008-09-10,342,,,
2008-09-11,343,,,
2008-09-12,344,,,
2008-09-15,345,,,
2008-09-16,346,,,
2008-09-17,347,,,
2008-09-18,348,,,
2008-09-19,349,,,
2008-09-22,350,,,
2008-09-23,351,,,
2008-09-24,352,,,
2008-09-25,353,,,
2008-09-26,354,,,
2008-09-29,355,,,
2008-09-30,356,,,
2008-10-01,357,,,
2008-10-02,358,,,
2008-10-03,359,,,
2008-10-06,360,,,
2008-10-07,361,,,
2008-10-08,362,,,
2008-10-09,363,,,
2008-10-10,364,,,
2008-10-13,365,,,
2008-10-14,366,,,
2008-10-15,367,,,
2008-10-16,368,,,
2008-10-17,369,,,
2008-10-20,370,,,
2008-10-21,371,,,
2008-10-22,372,,,
2008-10-23,373,,,
2008-10-24,374,,,
2008-10-27,375,,,
2008-10-28,376,,,
2008-10-29,377,,,
2008-10-30,378,,,
2008-10-31,379,,,
2008-11-03,380,,,
2008-11-04,381,,,
2008-11-05,382,,,
2008-11-06,383,,,
2008-11-07,384,,,
2008-11-10,385,,,
2008-11-11,386,,,
2008-11-12,387,,,
2008-11-13,388,,,
2008-11-14,389,,,
2008-11-17,390,,,
2008-11-18,391,,,
2008-11-19,392,,,
2008-11-20,393,,,
2008-11-21,394,,,
2008-11-24,395,,,
2008-11-25,396,,,
2008-11-26,397,,,
2008-11-28,398,,,
2008-12-01,399,,,
2008-12-02,400,,,
2008-12-03,401,,,
2008-12-04,402,,,
2008-12-05,403,,,
2008-12-08,404,,,
2008-12-09,405,,,
2008-12-10,406,,,
2008-12-11,407,,,
2008-12-12,408,,,
2008-12-15,409,,,
2008-12-16,410,,,
2008-12-17,411,,,
2008-12-18,412,,,
2008-12-19,413,,,
2008-12-22,414,,,
2008-12-23,415,,,
2008-12-24,416,,,
2008-12-26,417,,,
2008-12-29,418,,,
2008-12-30,419,,,
2008-12-31,420,,,
2009-01-02,421,,,
2009-01-05,422,,,
2009-01-06,423,,,
2009-01-07,424,,,
2009-01-08,425,,,
2009-01-09,426,,,
2009-01-12,427,,,
2009-01-13,428,,,
2009-01-14,429,,,
2009-01-15,430,,,
2009-01-16,431,,,
2009-01-20,432,,,
2009-01-21,433,,,
2009-01-22,434,,,
2009-01-23,435,,,
2009-01-26,436,,,
2009-01-27,437,,,
2009-01-28,438,,,
2009-01-29,439,,,
2009-01-30,440,,,
2009-02-02,441,,,
2009-02-03,442,,,
2009-02-04,443,,,
2009-02-05,444,,,
2009-02-06,445,,,
2009-02-09,446,,,
2009-02-10,447,,,
2009-02-11,448,,,
2009-02-12,449,,,
2009-02-13,450,,,
2009-02-17,451,,,
2009-02-18,452,,,
2009-02-19,453,,,
2009-02-20,454,,,
2009-02-23,455,,,
2009-02-24,456,,,
2009-02-25,457,,,
2009-02-26,458,,,
2009-02-27,459,,,
2009-03-02,460,,,
2009-03-03,461,,,
2009-03-04,462,,,
2009-03-05,463,,,
2009-03-06,464,,,
2009-03-09,465,,,
2009-03-10,466,,,
2009-03-11,467,,,
2009-03-12,468,,,
2009-03-13,469,,,
2009-03-16,470,,,
2009-03-17,471,,,
2009-03-18,472,,,
2009-03-19,473,,,
2009-03-20,474,,,
2009-03-23,475,,,
2009-03-24,476,,,
2009-03-25,477,,,
2009-03-26,478,,,
2009-03-27,479,,,
2009-03-30,480,,,
2009-03-31,481,,,
2009-04-01,482,,,
2009-04-02,483,,,
2009-04-03,484,,,
2009-04-06,485,,,
2009-04-07,486,,,
2009-04-08,487,,,
2009-04-09,488,,,
2009-04-13,489,,,
2009-04-14,490,,,
2009-04-15,491,,,
2009-04-16,492,,,
2009-04-17,493,,,
2009-04-20,494,,,
2009-04-21,495,,,
2009-04-22,496,,,
2009-04-23,497,,,
2009-04-24,498,,,
2009-04-27,499,,,
2009-04-28,500,,,
2009-04-29,501,,,
2009-04-30,502,,,
2009-05-01,503,,,
2009-05-04,504,,,
2009-05-05,505,,,
2009-05-06,506,,,
2009-05-07,507,,,
2009-05-08,508,,,
2009-05-11,509,,,
2009-05-12,510,,,
2009-05-13,511,,,
2009-05-14,512,,,
2009-05-15,513,,,
2009-05-18,514,,,
2009-05-19,515,,,
2009-05-20,516,,,
2009-05-21,517,,,
2009-05-22,518,,,
2009-05-26,519,,,
2009-05-27,520,,,
2009-05-28,521,,,
2009-05-29,522,,,
2009-06-01,523,,,
2009-06-02,524,,,
2009-06-03,525,,,
2009-06-04,526,,,
2009-06-05,527,,,
2009-06-08,528,,,
2009-06-09,529,,,
2009-06-10,530,,,
2009-06-11,531,,,
2009-06-12,532,,,
2009-06-15,533,,,
2009-06-16,534,,,
2009-06-17,535,,,
2009-06-18,536,,,
2009-06-19,537,,,
2009-06-22,538,,,
2009-06-23,539,,,
2009-06-24,540,,,
2009-06-25,541,,,
2009-06-26,542,,,
2009-06-29,543,,,
2009-06-30,544,,,
2009-07-01,545,,,
2009-07-02,546,,,
2009-07-06,547,,,
2009-07-07,548,,,
2009-07-08,549,,,
2009-07-09,550,,,
2009-07-10,551,,,
2009-07-13,552,,,
2009-07-14,553,,,
2009-07-15,554,,,
2009-07-16,555,,,
2009-07-17,556,,,
2009-07-20,557,,,
2009-07-21,558,,,
2009-07-22,559,,,
2009-07-23,560,,,
2009-07-24,561,,,
2009-07-27,562,,,
2009-07-28,563,,,
2009-07-29,564,,,
2009-07-30,565,,,
2009-07-31,566,,,
2009-08-03,567,,,
2009-08-04,568,,,
2009-08-05,569,,,
2009-08-06,570,,,
2009-08-07,571,,,
2009-08-10,572,,,
2009-08-11,573,,,
2009-08-12,574,,,
2009-08-13,575,,,
2009-08-14,576,,,
2009-08-17,577,,,
2009-08-18,578,,,
2009-08-19,579,,,
2009-08-20,580,,,
2009-08-21,581,,,
2009-08-24,582,,,
2009-08-25,583,,,
2009-08-26,584,,,
2009-08-27,585,,,
2009-08-28,586,,,
2009-08-31,587,,,
2009-09-01,588,,,
2009-09-02,589,,,
2009-09-03,590,,,
2009-09-04,591,,,
2009-09-08,592,,,
2009-09-09,593,,,
2009-09-10,594,,,
2009-09-11,595,,,
2009-09-14,596,,,
2009-09-15,597,,,
2009-09-16,598,,,
2009-09-17,599,,,
2009-09-18,600,,,
2009-09-21,601,,,
2009-09-22,602,,,
2009-09-23,603,,,
2009-09-24,604,,,
2009-09-25,605,,,
2009-09-28,606,,,
2009-09-29,607,,,
2009-09-30,608,,,
2009-10-01,609,,,
2009-10-02,610,,,
2009-10-05,611,,,
2009-10-06,612,,,
2009-10-07,613,,,
2009-10-08,614,,,
2009-10-09,615,,,
2009-10-12,616,,,
2009-10-13,617,,,
2009-10-14,618,,,
2009-10-15,619,,,
2009-10-16,620,,,
2009-10-19,621,,,
2009-10-20,622,,,
2009-10-21,623,,,
2009-10-22,624,,,
2009-10-23,625,,,
2009-10-26,626,,,
2009-10-27,627,,,
2009-10-28,628,,,
2009-10-29,629,,,
2009-10-30,630,,,
2009-11-02,631,,,
2009-11-03,632,,,
2009-11-04,633,,,
2009-11-05,634,,,
2009-11-06,635,,,
2009-11-09,636,,,
2009-11-10,637,,,
2009-11-11,638,,,
2009-11-12,639,,,
2009-11-13,640,,,
2009-11-16,641,,,
2009-11-17,642,,,
2009-11-18,643,,,
2009-11-19,644,,,
2009-11-20,645,,,
2009-11-23,646,,,
2009-11-24,647,,,
2009-11-25,648,,,
2009-11-27,649,,,
2009-11-30,650,,,
2009-12-01,651,,,
2009-12-02,652,,,
2009-12-03,653,,,
2009-12-04,654,,,
2009-12-07,655,,,
2009-12-08,656,,,
2009-12-09,657,,,
2009-12-10,658,,,
2009-12-11,659,,,
2009-12-14,660,,,
2009-12-15,661,,,
2009-12-16,662,,,
2009-12-17,663,,,
2009-12-18,664,,,
2009-12-21,665,,,
2009-12-22,666,,,
2009-12-23,667,,,
2009-12-24,668,,,
2009-12-28,669,,,
2009-12-29,670,,,
2009-12-30,671,,,
2009-12-31,672,,,
2010-01-04,673,,,
2010-01-05,674,,,
2010-01-06,675,,,
2010-01-07,676,,,
2010-01-08,677,,,
2010-01-11,678,,,
2010-01-12,679,,,
2010-01-13,680,,,
2010-01-14,681,,,
2010-01-15,682,,,
2010-01-19,683,,,
2010-01-20,684,,,
2010-01-21,685,,,
2010-01-22,686,,,
2010-01-25,687,,,
2010-01-26,688,,,
2010-01-27,689,,,
2010-01-28,690,,,
2010-01-29,691,,,
2010-02-01,692,,,
2010-02-02,693,,,
2010-02-03,694,,,
2010-02-04,695,,,
2010-02-05,696,,,
2010-02-08,697,,,
2010-02-09,698,,,
2010-02-10,699,,,
2010-02-11,700,,,
2010-02-12,701,,,
2010-02-16,702,,,
2010-02-17,703,,,
2010-02-18,704,,,
2010-02-19,705,,,
2010-02-22,706,,,
2010-02-23,707,,,
2010-02-24,708,,,
2010-02-25,709,,,
2010-02-26,710,,,
2010-03-01,711,,,
2010-03-02,712,,,
2010-03-03,713,,,
2010-03-04,714,,,
2010-03-05,715,,,
2010-03-08,716,,,
2010-03-09,717,,,
2010-03-10,718,,,
2010-03-11,719,,,
2010-03-12,720,,,
2010-03-15,721,,,
2010-03-16,722,,,
2010-03-17,723,,,
2010-03-18,724,,,
2010-03-19,725,,,
2010-03-22,726,,,
2010-03-23,727,,,
2010-03-24,728,,,
2010-03-25,729,,,
2010-03-26,730,,,
2010-03-29,731,,,
2010-03-30,732,,,
2010-03-31,733,,,
2010-04-01,734,,,
2010-04-05,735,,,
2010-04-06,736,,,
2010-04-07,737,,,
2010-04-08,738,,,
2010-04-09,739,,,
2010-04-12,740,,,
2010-04-13,741,,,
2010-04-14,742,,,
2010-04-15,743,,,
2010-04-16,744,,,
2010-04-19,745,,,
2010-04-20,746,,,
2010-04-21,747,,,
2010-04-22,748,,,
2010-04-23,749,,,
2010-04-26,750,,,
2010-04-27,751,,,
2010-04-28,752,,,
2010-04-29,753,,,
2010-04-30,754,,,
2010-05-03,755,,,
2010-05-04,756,,,
2010-05-05,757,,,
2010-05-06,758,,,
2010-05-07,759,,,
2010-05-10,760,,,
2010-05-11,761,,,
2010-05-12,762,,,
2010-05-13,763,,,
2010-05-14,764,,,
2010-05-17,765,,,
2010-05-18,766,,,
2010-05-19,767,,,
2010-05-20,768,,,
2010-05-21,769,,,
2010-05-24,770,,,
2010-05-25,771,,,
2010-05-26,772,,,
2010-05-27,773,,,
2010-05-28,774,,,
2010-06-01,775,,,
2010-06-02,776,,,
2010-06-03,777,,,
2010-06-04,778,,,
2010-06-07,779,,,
2010-06-08,780,,,
2010-06-09,781,,,
2010-06-10,782,,,
2010-06-11,783,,,
2010-06-14,784,,,
2010-06-15,785,,,
2010-06-16,786,,,
2010-06-17,787,,,
2010-06-18,788,,,
2010-06-21,789,,,
2010-06-22,790,,,
2010-06-23,791,,,
2010-06-24,792,,,
2010-06-25,793,,,
2010-06-28,794,,,
2010-06-29,795,,,
2010-06-30,796,,,
2010-07-01,797,,,
2010-07-02,798,,,
2010-07-06,799,,,
2010-07-07,800,,,
2010-07-08,801,,,
2010-07-09,802,,,
2010-07-12,803,,,
2010-07-13,804,,,
2010-07-14,805,,,
2010-07-15,806,,,
2010-07-16,807,,,
2010-07-19,808,,,
2010-07-20,809,,,
2010-07-21,810,,,
2010-07-22,811,,,
2010-07-23,812,,,
2010-07-26,813,,,
2010-07-27,814,,,
2010-07-28,815,,,
2010-07-29,816,,,
2010-07-30,817,,,
2010-08-02,818,,,
2010-08-03,819,,,
2010-08-04,820,,,
2010-08-05,821,,,
2010-08-06,822,,,
2010-08-09,823,,,
2010-08-10,824,,,
2010-08-11,825,,,
2010-08-12,826,,,
2010-08-13,827,,,
2010-08-16,828,,,
2010-08-17,829,,,
2010-08-18,830,,,
2010-08-19,831,,,
2010-08-20,832,,,
2010-08-23,833,,,
2010-08-24,834,,,
2010-08-25,835,,,
2010-08-26,836,,,
2010-08-27,837,,,
2010-08-30,838,,,
2010-08-31,839,,,
2010-09-01,840,,,
2010-09-02,841,,,
2010-09-03,842,,,
2010-09-07,843,,,
2010-09-08,844,,,
2010-09-09,845,,,
2010-09-10,846,,,
2010-09-13,847,,,
2010-09-14,848,,,
2010-09-15,849,,,
2010-09-16,850,,,
2010-09-17,851,,,
2010-09-20,852,,,
2010-09-21,853,,,
2010-09-22,854,,,
2010-09-23,855,,,
2010-09-24,856,,,
2010-09-27,857,,,
2010-09-28,858,,,
2010-09-29,859,,,
2010-09-30,860,,,
2010-10-01,861,,,
2010-10-04,862,,,
2010-10-05,863,,,
2010-10-06,864,,,
2010-10-07,865,,,
2010-10-08,866,,,
2010-10-11,867,,,
2010-10-12,868,,,
2010-10-13,869,,,
2010-10-14,870,,,
2010-10-15,871,,,
2010-10-18,872,,,
2010-10-19,873,,,
2010-10-20,874,,,
2010-10-21,875,,,
2010-10-22,876,,,
2010-10-25,877,,,
2010-10-26,878,,,
2010-10-27,879,,,
2010-10-28,880,,,
2010-10-29,881,,,
2010-11-01,882,,,
2010-11-02,883,,,
2010-11-03,884,,,
2010-11-04,885,,,
2010-11-05,886,,,
2010-11-08,887,,,
2010-11-09,888,,,
2010-11-10,889,,,
2010-11-11,890,,,
2010-11-12,891,,,
2010-11-15,892,,,
2010-11-16,893,,,
2010-11-17,894,,,
2010-11-18,895,,,
2010-11-19,896,,,
2010-11-22,897,,,
2010-11-23,898,,,
2010-11-24,899,,,
2010-11-26,900,,,
2010-11-29,901,,,
2010-11-30,902,,,
2010-12-01,903,,,
2010-12-02,904,,,
2010-12-03,905,,,
2010-12-06,906,,,
2010-12-07,907,,,
2010-12-08,908,,,
2010-12-09,909,,,
2010-12-10,910,,,
2010-12-13,911,,,
2010-12-14,912,,,
2010-12-15,913,,,
2010-12-16,914,,,
2010-12-17,915,,,
2010-12-20,916,,,
2010-12-21,917,,,
2010-12-22,918,,,
2010-12-23,919,,,
2010-12-27,920,,,
2010-12-28,921,,,
2010-12-29,922,,,
2010-12-30,923,,,
2010-12-31,924,,,
2011-01-03,925,,,
2011-01-04,926,,,
2011-01-05,927,,,
2011-01-06,928,,,
2011-01-07,929,,,
2011-01-10,930,,,
2011-01-11,931,,,
2011-01-12,932,,,
2011-01-13,933,,,
2011-01-14,934,,,
2011-01-18,935,,,
2011-01-19,936,,,
2011-01-20,937,,,
2011-01-21,938,,,
2011-01-24,939,,,
2011-01-25,940,,,
2011-01-26,941,,,
2011-01-27,942,,,
2011-01-28,943,,,
2011-01-31,944,,,
2011-02-01,945,,,
2011-02-02,946,,,
2011-02-03,947,,,
2011-02-04,948,,,
2011-02-07,949,,,
2011-02-08,950,,,
2011-02-09,951,,,
2011-02-10,952,,,
2011-02-11,953,,,
2011-02-14,954,,,
2011-02-15,955,,,
2011-02-16,956,,,
2011-02-17,957,,,
2011-02-18,958,,,
2011-02-22,959,,,
2011-02-23,960,,,
2011-02-24,961,,,
2011-02-25,962,,,
2011-02-28,963,,,
2011-03-01,964,,,
2011-03-02,965,,,
2011-03-03,966,,,
2011-03-04,967,,,
2011-03-07,968,,,
2011-03-08,969,,,
2011-03-09,970,,,
2011-03-10,971,,,
2011-03-11,972,,,
2011-03-14,973,,,
2011-03-15,974,,,
2011-03-16,975,,,
2011-03-17,976,,,
2011-03-18,977,,,
2011-03-21,978,,,
2011-03-22,979,,,
2011-03-23,980,,,
2011-03-24,981,,,
2011-03-25,982,,,
2011-03-28,983,,,
2011-03-29,984,,,
2011-03-30,985,,,
2011-03-31,986,,,
2011-04-01,987,,,
2011-04-04,988,,,
2011-04-05,989,,,
2011-04-06,990,,,
2011-04-07,991,,,
2011-04-08,992,,,
2011-04-11,993,,,
2011-04-12,994,,,
2011-04-13,995,,,
2011-04-14,996,,,
2011-04-15,997,,,
2011-04-18,998,,,
2011-04-19,999,,,
2011-04-20,1000,,,
2011-04-21,1001,,,
2011-04-25,1002,,,
2011-04-26,1003,,,
2011-04-27,1004,,,
2011-04-28,1005,,,
2011-04-29,1006,,,
2011-05-02,1007,,,
2011-05-03,1008,,,
2011-05-04,1009,,,
2011-05-05,1010,,,
2011-05-06,1011,,,
2011-05-09,1012,,,
2011-05-10,1013,,,
2011-05-11,1014,,,
2011-05-12,1015,,,
2011-05-13,1016,,,
2011-05-16,1017,,,
2011-05-17,1018,,,
2011-05-18,1019,,,
2011-05-19,1020,,,
2011-05-20,1021,,,
2011-05-23,1022,,,
2011-05-24,1023,,,
2011-05-25,1024,,,
2011-05-26,1025,,,
2011-05-27,1026,,,
2011-05-31,1027,,,
2011-06-01,1028,,,
2011-06-02,1029,,,
2011-06-03,1030,,,
2011-06-06,1031,,,
2011-06-07,1032,,,
2011-06-08,1033,,,
2011-06-09,1034,,,
2011-06-10,1035,,,
2011-06-13,1036,,,
2011-06-14,1037,,,
2011-06-15,1038,,,
2011-06-16,1039,,,
2011-06-17,1040,,,
2011-06-20,1041,,,
2011-06-21,1042,,,
2011-06-22,1043,,,
2011-06-23,1044,,,
2011-06-24,1045,,,
2011-06-27,1046,,,
2011-06-28,1047,,,
2011-06-29,1048,,,
2011-06-30,1049,,,
2011-07-01,1050,,,
2011-07-05,1051,,,
2011-07-06,1052,,,
2011-07-07,1053,,,
2011-07-08,1054,,,
2011-07-11,1055,,,
2011-07-12,1056,,,
2011-07-13,1057,,,
2011-07-14,1058,,,
2011-07-15,1059,,,
2011-07-18,1060,,,
2011-07-19,1061,,,
2011-07-20,1062,,,
2011-07-21,1063,,,
2011-07-22,1064,,,
2011-07-25,1065,,,
2011-07-26,1066,,,
2011-07-27,1067,,,
2011-07-28,1068,,,
2011-07-29,1069,,,
2011-08-01,1070,,,
2011-08-02,1071,,,
2011-08-03,1072,,,
2011-08-04,1073,,,
2011-08-05,1074,,,
2011-08-08,1075,,,
2011-08-09,1076,,,
2011-08-10,1077,,,
2011-08-11,1078,,,
2011-08-12,1079,,,
2011-08-15,1080,,,
2011-08-16,1081,,,
2011-08-17,1082,,,
2011-08-18,1083,,,
2011-08-19,1084,,,
2011-08-22,1085,,,
2011-08-23,1086,,,
2011-08-24,1087,,,
2011-08-25,1088,,,
2011-08-26,1089,,,
2011-08-29,1090,,,
2011-08-30,1091,,,
2011-08-31,1092,,,
2011-09-01,1093,,,
2011-09-02,1094,,,
2011-09-06,1095,,,
2011-09-07,1096,,,
2011-09-08,1097,,,
2011-09-09,1098,,,
2011-09-12,1099,,,
2011-09-13,1100,,,
2011-09-14,1101,,,
2011-09-15,1102,,,
2011-09-16,1103,,,
2011-09-19,1104,,,
2011-09-20,1105,,,
2011-09-21,1106,,,
2011-09-22,1107,,,
2011-09-23,1108,,,
2011-09-26,1109,,,
2011-09-27,1110,,,
2011-09-28,1111,,,
2011-09-29,1112,,,
2011-09-30,1113,,,
2011-10-03,1114,,,
2011-10-04,1115,,,
2011-10-05,1116,,,
2011-10-06,1117,,,
2011-10-07,1118,,,
2011-10-10,1119,,,
2011-10-11,1120,,,
2011-10-12,1121,,,
2011-10-13,1122,,,
2011-10-14,1123,,,
2011-10-17,1124,,,
2011-10-18,1125,,,
2011-10-19,1126,,,
2011-10-20,1127,,,
2011-10-21,1128,,,
2011-10-24,1129,,,
2011-10-25,1130,,,
2011-10-26,1131,,,
2011-10-27,1132,,,
2011-10-28,1133,,,
2011-10-31,1134,,,
2011-11-01,1135,,,
2011-11-02,1136,,,
2011-11-03,1137,,,
2011-11-04,1138,,,
2011-11-07,1139,,,
2011-11-08,1140,,,
2011-11-09,1141,,,
2011-11-10,1142,,,
2011-11-11,1143,,,
2011-11-14,1144,,,
2011-11-15,1145,,,
2011-11-16,1146,,,
2011-11-17,1147,,,
2011-11-18,1148,,,
2011-11-21,1149,,,
2011-11-22,1150,,,
2011-11-23,1151,,,
2011-11-25,1152,,,
2011-11-28,1153,,,
2011-11-29,1154,,,
2011-11-30,1155,,,
2011-12-01,1156,,,
2011-12-02,1157,,,
2011-12-05,1158,,,
2011-12-06,1159,,,
2011-12-07,1160,,,
2011-12-08,1161,,,
2011-12-09,1162,,,
2011-12-12,1163,,,
2011-12-13,1164,,,
2011-12-14,1165,,,
2011-12-15,1166,,,
2011-12-16,1167,,,
2011-12-19,1168,,,
2011-12-20,1169,,,
2011-12-21,1170,,,
2011-12-22,1171,,,
2011-12-23,1172,,,
2011-12-27,1173,,,
2011-12-28,1174,,,
2011-12-29,1175,,,
2011-12-30,1176,,,
2012-01-03,1177,,,
2012-01-04,1178,,,
2012-01-05,1179,,,
2012-01-06,1180,,,
2012-01-09,1181,,,
2012-01-10,1182,,,
2012-01-11,1183,,,
2012-01-12,1184,,,
2012-01-13,1185,,,
2012-01-17,1186,,,
2012-01-18,1187,,,
2012-01-19,1188,,,
2012-01-20,1189,,,
2012-01-23,1190,,,
2012-01-24,1191,,,
2012-01-25,1192,,,
2012-01-26,1193,,,
2012-01-27,1194,,,
2012-01-30,1195,,,
2012-01-31,1196,,,
2012-02-01,1197,,,
2012-02-02,1198,,,
2012-02-03,1199,,,
2012-02-06,1200,,,
2012-02-07,1201,,,
2012-02-08,1202,,,
2012-02-09,1203,,,
2012-02-10,1204,,,
2012-02-13,1205,,,
2012-02-14,1206,,,
2012-02-15,1207,,,
2012-02-16,1208,,,
2012-02-17,1209,,,
2012-02-21,1210,,,
2012-02-22,1211,,,
2012-02-23,1212,,,
2012-02-24,1213,,,
2012-02-27,1214,,,
2012-02-28,1215,,,
2012-02-29,1216,,,
2012-03-01,1217,,,
2012-03-02,1218,,,
2012-03-05,1219,,,
2012-03-06,1220,,,
2012-03-07,1221,,,
2012-03-08,1222,,,
2012-03-09,1223,,,
2012-03-12,1224,,,
2012-03-13,1225,,,
2012-03-14,1226,,,
2012-03-15,1227,,,
2012-03-16,1228,,,
2012-03-19,1229,,,
2012-03-20,1230,,,
2012-03-21,1231,,,
2012-03-22,1232,,,
2012-03-23,1233,,,
2012-03-26,1234,,,
2012-03-27,1235,,,
2012-03-28,1236,,,
2012-03-29,1237,,,
2012-03-30,1238,,,
2012-04-02,1239,,,
2012-04-03,1240,,,
2012-04-04,1241,,,
2012-04-05,1242,,,
2012-04-09,1243,,,
2012-04-10,1244,,,
2012-04-11,1245,,,
2012-04-12,1246,,,
2012-04-13,1247,,,
2012-04-16,1248,,,
2012-04-17,1249,,,
2012-04-18,1250,,,
2012-04-19,1251,,,
2012-04-20,1252,,,
2012-04-23,1253,,,
2012-04-24,1254,,,
2012-04-25,1255,,,
2012-04-26,1256,,,
2012-04-27,1257,,,
2012-04-30,1258,,,
2012-05-01,1259,,,
2012-05-02,1260,,,
2012-05-03,1261,,,
2012-05-04,1262,,,
2012-05-07,1263,,,
2012-05-08,1264,,,
2012-05-09,1265,,,
2012-05-10,1266,,,
2012-05-11,1267,,,
2012-05-14,1268,,,
2012-05-15,1269,,,
2012-05-16,1270,,,
2012-05-17,1271,,,
2012-05-18,1272,,,
2012-05-21,1273,,,
2012-05-22,1274,,,
2012-05-23,1275,,,
2012-05-24,1276,,,
2012-05-25,1277,,,
2012-05-29,1278,,,
2012-05-30,1279,,,
2012-05-31,1280,,,
2012-06-01,1281,,,
2012-06-04,1282,,,
2012-06-05,1283,,,
2012-06-06,1284,,,
2012-06-07,1285,,,
2012-06-08,1286,,,
2012-06-11,1287,,,
2012-06-12,1288,,,
2012-06-13,1289,,,
2012-06-14,1290,,,
2012-06-15,1291,,,
2012-06-18,1292,,,
2012-06-19,1293,,,
2012-06-20,1294,,,
2012-06-21,1295,,,
2012-06-22,1296,,,
2012-06-25,1297,,,
2012-06-26,1298,,,
2012-06-27,1299,,,
2012-06-28,1300,,,
2012-06-29,1301,,,
2012-07-02,1302,,,
2012-07-03,1303,,,
2012-07-05,1304,,,
2012-07-06,1305,,,
2012-07-09,1306,,,
2012-07-10,1307,,,
2012-07-11,1308,,,
2012-07-12,1309,,,
2012-07-13,1310,,,
2012-07-16,1311,,,
2012-07-17,1312,,,
2012-07-18,1313,,,
2012-07-19,1314,,,
2012-07-20,1315,,,
2012-07-23,1316,,,
2012-07-24,1317,,,
2012-07-25,1318,,,
2012-07-26,1319,,,
2012-07-27,1320,,,
2012-07-30,1321,,,
2012-07-31,1322,,,
2012-08-01,1323,,,
2012-08-02,1324,,,
2012-08-03,1325,,,
2012-08-06,1326,,,
2012-08-07,1327,,,
2012-08-08,1328,,,
2012-08-09,1329,,,
2012-08-10,1330,,,
2012-08-13,1331,,,
2012-08-14,1332,,,
2012-08-15,1333,,,
2012-08-16,1334,,,
2012-08-17,1335,,,
2012-08-20,1336,,,
2012-08-21,1337,,,
2012-08-22,1338,,,
2012-08-23,1339,,,
2012-08-24,1340,,,
2012-08-27,1341,,,
2012-08-28,1342,,,
2012-08-29,1343,,,
2012-08-30,1344,,,
2012-08-31,1345,,,
2012-09-04,1346,,,
2012-09-05,1347,,,
2012-09-06,1348,,,
2012-09-07,1349,,,
2012-09-10,1350,,,
2012-09-11,1351,,,
2012-09-12,1352,,,
2012-09-13,1353,,,
2012-09-14,1354,,,
2012-09-17,1355,,,
2012-09-18,1356,,,
2012-09-19,1357,,,
2012-09-20,1358,,,
2012-09-21,1359,,,
2012-09-24,1360,,,
2012-09-25,1361,,,
2012-09-26,1362,,,
2012-09-27,1363,,,
2012-09-28,1364,,,
2012-10-01,1365,,,
2012-10-02,1366,,,
2012-10-03,1367,,,
2012-10-04,1368,,,
2012-10-05,1369,,,
2012-10-08,1370,,,
2012-10-09,1371,,,
2012-10-10,1372,,,
2012-10-11,1373,,,
2012-10-12,1374,,,
2012-10-15,1375,,,
2012-10-16,1376,,,
2012-10-17,1377,,,
2012-10-18,1378,,,
2012-10-19,1379,,,
2012-10-22,1380,,,
2012-10-23,1381,,,
2012-10-24,1382,,,
2012-10-25,1383,,,
2012-10-26,1384,,,
2012-10-31,1385,,,
2012-11-01,1386,,,
2012-11-02,1387,,,
2012-11-05,1388,,,
2012-11-06,1389,,,
2012-11-07,1390,,,
2012-11-08,1391,,,
2012-11-09,1392,,,
2012-11-12,1393,,,
2012-11-13,1394,,,
2012-11-14,1395,,,
2012-11-15,1396,,,
2012-11-16,1397,,,
2012-11-19,1398,,,
2012-11-20,1399,,,
2012-11-21,1400,,,
2012-11-23,1401,,,
2012-11-26,1402,,,
2012-11-27,1403,,,
2012-11-28,1404,,,
2012-11-29,1405,,,
2012-11-30,1406,,,
2012-12-03,1407,,,
2012-12-04,1408,,,
2012-12-05,1409,,,
2012-12-06,1410,,,
2012-12-07,1411,,,
2012-12-10,1412,,,
2012-12-11,1413,,,
2012-12-12,1414,,,
2012-12-13,1415,,,
2012-12-14,1416,,,
2012-12-17,1417,,,
2012-12-18,1418,,,
2012-12-19,1419,,,
2012-12-20,1420,,,
2012-12-21,1421,,,
2012-12-24,1422,,,
2012-12-26,1423,,,
2012-12-27,1424,,,
2012-12-28,1425,,,
2012-12-31,1426,,,
2013-01-02,1427,,,
2013-01-03,1428,,,
2013-01-04,1429,,,
2013-01-07,1430,,,
2013-01-08,1431,,,
2013-01-09,1432,,,
2013-01-10,1433,,,
2013-01-11,1434,,,
2013-01-14,1435,,,
2013-01-15,1436,,,
2013-01-16,1437,,,
2013-01-17,1438,,,
2013-01-18,1439,,,
2013-01-22,1440,,,
2013-01-23,1441,,,
2013-01-24,1442,,,
2013-01-25,1443,,,
2013-01-28,1444,,,
2013-01-29,1445,,,
2013-01-30,1446,,,
2013-01-31,1447,,,
2013-02-01,1448,,,
2013-02-04,1449,,,
2013-02-05,1450,,,
2013-02-06,1451,,,
2013-02-07,1452,,,
2013-02-08,1453,,,
2013-02-11,1454,,,
2013-02-12,1455,,,
2013-02-13,1456,,,
2013-02-14,1457,,,
2013-02-15,1458,,,
2013-02-19,1459,,,
2013-02-20,1460,,,
2013-02-21,1461,,,
2013-02-22,1462,,,
2013-02-25,1463,,,
2013-02-26,1464,,,
2013-02-27,1465,,,
2013-02-28,1466,,,
2013-03-01,1467,,,
2013-03-04,1468,,,
2013-03-05,1469,,,
2013-03-06,1470,,,
2013-03-07,1471,,,
2013-03-08,1472,,,
2013-03-11,1473,,,
2013-03-12,1474,,,
2013-03-13,1475,,,
2013-03-14,1476,,,
2013-03-15,1477,,,
2013-03-18,1478,,,
2013-03-19,1479,,,
2013-03-20,1480,,,
2013-03-21,1481,,,
2013-03-22,1482,,,
2013-03-25,1483,,,
2013-03-26,1484,,,
2013-03-27,1485,,,
2013-03-28,1486,,,
2013-04-01,1487,,,
2013-04-02,1488,,,
2013-04-03,1489,,,
2013-04-04,1490,,,
2013-04-05,1491,,,
2013-04-08,1492,,,
2013-04-09,1493,,,
2013-04-10,1494,,,
2013-04-11,1495,,,
2013-04-12,1496,,,
2013-04-15,1497,,,
2013-04-16,1498,,,
2013-04-17,1499,,,
2013-04-18,1500,,,
2013-04-19,1501,,,
2013-04-22,1502,,,
2013-04-23,1503,,,
2013-04-24,1504,,,
2013-04-25,1505,,,
2013-04-26,1506,,,
2013-04-29,1507,,,
2013-04-30,1508,,,
2013-05-01,1509,,,
2013-05-02,1510,,,
2013-05-03,1511,,,
2013-05-06,1512,,,
2013-05-07,1513,,,
2013-05-08,1514,,,
2013-05-09,1515,,,
2013-05-10,1516,,,
2013-05-13,1517,,,
2013-05-14,1518,,,
2013-05-15,1519,,,
2013-05-16,1520,,,
2013-05-17,1521,,,
2013-05-20,1522,,,
2013-05-21,1523,,,
2013-05-22,1524,,,
2013-05-23,1525,,,
2013-05-24,1526,,,
2013-05-28,1527,,,
2013-05-29,1528,,,
2013-05-30,1529,,,
2013-05-31,1530,,,
2013-06-03,1531,,,
2013-06-04,1532,,,
2013-06-05,1533,,,
2013-06-06,1534,,,
2013-06-07,1535,,,
2013-06-10,1536,,,
2013-06-11,1537,,,
2013-06-12,1538,,,
2013-06-13,1539,,,
2013-06-14,1540,,,
2013-06-17,1541,,,
2013-06-18,1542,,,
2013-06-19,1543,,,
2013-06-20,1544,,,
2013-06-21,1545,,,
2013-06-24,1546,,,
2013-06-25,1547,,,
2013-06-26,1548,,,
2013-06-27,1549,,,
2013-06-28,1550,,,
2013-07-01,1551,,,
2013-07-02,1552,,,
2013-07-03,1553,,,
2013-07-05,1554,,,
2013-07-08,1555,,,
2013-07-09,1556,,,
2013-07-10,1557,,,
2013-07-11,1558,,,
2013-07-12,1559,,,
2013-07-15,1560,,,
2013-07-16,1561,,,
2013-07-17,1562,,,
2013-07-18,1563,,,
2013-07-19,1564,,,
2013-07-22,1565,,,
2013-07-23,1566,,,
2013-07-24,1567,,,
2013-07-25,1568,,,
2013-07-26,1569,,,
2013-07-29,1570,,,
2013-07-30,1571,,,
2013-07-31,1572,,,
2013-08-01,1573,,,
2013-08-02,1574,,,
2013-08-05,1575,,,
2013-08-06,1576,,,
2013-08-07,1577,,,
2013-08-08,1578,,,
2013-08-09,1579,,,
2013-08-12,1580,,,
2013-08-13,1581,,,
2013-08-14,1582,,,
2013-08-15,1583,,,
2013-08-16,1584,,,
2013-08-19,1585,,,
2013-08-20,1586,,,
2013-08-21,1587,,,
2013-08-22,1588,,,
2013-08-23,1589,,,
2013-08-26,1590,,,
2013-08-27,1591,,,
2013-08-28,1592,,,
2013-08-29,1593,,,
2013-08-30,1594,,,
2013-09-03,1595,,,
2013-09-04,1596,,,
2013-09-05,1597,,,
2013-09-06,1598,,,
2013-09-09,1599,,,
2013-09-10,1600,,,
2013-09-11,1601,,,
2013-09-12,1602,,,
2013-09-13,1603,,,
2013-09-16,1604,,,
2013-09-17,1605,,,
2013-09-18,1606,,,
2013-09-19,1607,,,
2013-09-20,1608,,,
2013-09-23,1609,,,
2013-09-24,1610,,,
2013-09-25,1611,,,
2013-09-26,1612,,,
2013-09-27,1613,,,
2013-09-30,1614,,,
2013-10-01,1615,,,
2013-10-02,1616,,,
2013-10-03,1617,,,
2013-10-04,1618,,,
2013-10-07,1619,,,
2013-10-08,1620,,,
2013-10-09,1621,,,
2013-10-10,1622,,,
2013-10-11,1623,,,
2013-10-14,1624,,,
2013-10-15,1625,,,
2013-10-16,1626,,,
2013-10-17,1627,,,
2013-10-18,1628,,,
2013-10-21,1629,,,
2013-10-22,1630,,,
2013-10-23,1631,,,
2013-10-24,1632,,,
2013-10-25,1633,,,
2013-10-28,1634,,,
2013-10-29,1635,,,
2013-10-30,1636,,,
2013-10-31,1637,,,
2013-11-01,1638,,,
2013-11-04,1639,,,
2013-11-05,1640,,,
2013-11-06,1641,,,
2013-11-07,1642,,,
2013-11-08,1643,,,
2013-11-11,1644,,,
2013-11-12,1645,,,
2013-11-13,1646,,,
2013-11-14,1647,,,
2013-11-15,1648,,,
2013-11-18,1649,,,
2013-11-19,1650,,,
2013-11-20,1651,,,
2013-11-21,1652,,,
2013-11-22,1653,,,
2013-11-25,1654,,,
2013-11-26,1655,,,
2013-11-27,1656,,,
2013-11-29,1657,,,
2013-12-02,1658,,,
2013-12-03,1659,,,
2013-12-04,1660,,,
2013-12-05,1661,,,
2013-12-06,1662,,,
2013-12-09,1663,,,
2013-12-10,1664,,,
2013-12-11,1665,,,
2013-12-12,1666,,,
2013-12-13,1667,,,
2013-12-16,1668,,,
2013-12-17,1669,,,
2013-12-18,1670,,,
2013-12-19,1671,,,
2013-12-20,1672,,,
2013-12-23,1673,,,
2013-12-24,1674,,,
2013-12-26,1675,,,
2013-12-27,1676,,,
2013-12-30,1677,,,
2013-12-31,1678,,,
2014-01-02,1679,,,
2014-01-03,1680,,,
2014-01-06,1681,,,
2014-01-07,1682,,,
2014-01-08,1683,,,
2014-01-09,1684,,,
2014-01-10,1685,,,
2014-01-13,1686,,,
2014-01-14,1687,,,
2014-01-15,1688,,,
2014-01-16,1689,,,
2014-01-17,1690,,,
2014-01-21,1691,,,
2014-01-22,1692,,,
2014-01-23,1693,,,
2014-01-24,1694,,,
2014-01-27,1695,,,
2014-01-28,1696,,,
2014-01-29,1697,,,
2014-01-30,1698,,,
2014-01-31,1699,,,
2014-02-03,1700,,,
2014-02-04,1701,,,
2014-02-05,1702,,,
2014-02-06,1703,,,
2014-02-07,1704,,,
2014-02-10,1705,,,
2014-02-11,1706,,,
2014-02-12,1707,,,
2014-02-13,1708,,,
2014-02-14,1709,,,
2014-02-18,1710,,,
2014-02-19,1711,,,
2014-02-20,1712,,,
2014-02-21,1713,,,
2014-02-24,1714,,,
2014-02-25,1715,,,
2014-02-26,1716,,,
2014-02-27,1717,,,
2014-02-28,1718,,,
2014-03-03,1719,,,
2014-03-04,1720,,,
2014-03-05,1721,,,
2014-03-06,1722,,,
2014-03-07,1723,,,
2014-03-10,1724,,,
2014-03-11,1725,,,
2014-03-12,1726,,,
2014-03-13,1727,,,
2014-03-14,1728,,,
2014-03-17,1729,,,
2014-03-18,1730,,,
2014-03-19,1731,,,
2014-03-20,1732,,,
2014-03-21,1733,,,
2014-03-24,1734,,,
2014-03-25,1735,,,
2014-03-26,1736,,,
2014-03-27,1737,,,
2014-03-28,1738,,,
2014-03-31,1739,,,
2014-04-01,1740,,,
2014-04-02,1741,,,
2014-04-03,1742,,,
2014-04-04,1743,,,
2014-04-07,1744,,,
2014-04-08,1745,,,
2014-04-09,1746,,,
2014-04-10,1747,,,
2014-04-11,1748,,,
2014-04-14,1749,,,
2014-04-15,1750,,,
2014-04-16,1751,,,
2014-04-17,1752,,,
2014-04-21,1753,,,
2014-04-22,1754,,,
2014-04-23,1755,,,
2014-04-24,1756,,,
2014-04-25,1757,,,
2014-04-28,1758,,,
2014-04-29,1759,,,
2014-04-30,1760,,,
2014-05-01,1761,,,
2014-05-02,1762,,,
2014-05-05,1763,,,
2014-05-06,1764,,,
2014-05-07,1765,,,
2014-05-08,1766,,,
2014-05-09,1767,,,
2014-05-12,1768,,,
2014-05-13,1769,,,
2014-05-14,1770,,,
2014-05-15,1771,,,
2014-05-16,1772,,,
2014-05-19,1773,,,
2014-05-20,1774,,,
2014-05-21,1775,,,
2014-05-22,1776,,,
2014-05-23,1777,,,
2014-05-27,1778,,,
2014-05-28,1779,,,
2014-05-29,1780,,,
2014-05-30,1781,,,
2014-06-02,1782,,,
2014-06-03,1783,,,
2014-06-04,1784,,,
2014-06-05,1785,,,
2014-06-06,1786,,,
2014-06-09,1787,,,
2014-06-10,1788,,,
2014-06-11,1789,,,
2014-06-12,1790,,,
2014-06-13,1791,,,
2014-06-16,1792,,,
2014-06-17,1793,,,
2014-06-18,1794,,,
2014-06-19,1795,,,
2014-06-20,1796,,,
2014-06-23,1797,,,
2014-06-24,1798,,,
2014-06-25,1799,,,
2014-06-26,1800,,,
2014-06-27,1801,,,
2014-06-30,1802,,,
2014-07-01,1803,,,
2014-07-02,1804,,,
2014-07-03,1805,,,
2014-07-07,1806,,,
2014-07-08,1807,,,
2014-07-09,1808,,,
2014-07-10,1809,,,
2014-07-11,1810,,,
2014-07-14,1811,,,
2014-07-15,1812,,,
2014-07-16,1813,,,
2014-07-17,1814,,,
2014-07-18,1815,,,
2014-07-21,1816,,,
2014-07-22,1817,,,
2014-07-23,1818,,,
2014-07-24,1819,,,
2014-07-25,1820,,,
2014-07-28,1821,,,
2014-07-29,1822,,,
2014-07-30,1823,,,
2014-07-31,1824,,,
2014-08-01,1825,,,
2014-08-04,1826,,,
2014-08-05,1827,,,
2014-08-06,1828,,,
2014-08-07,1829,,,
2014-08-08,1830,,,
2014-08-11,1831,,,
2014-08-12,1832,,,
2014-08-13,1833,,,
2014-08-14,1834,,,
2014-08-15,1835,,,
2014-08-18,1836,,,
2014-08-19,1837,,,
2014-08-20,1838,,,
2014-08-21,1839,,,
2014-08-22,1840,,,
2014-08-25,1841,,,
2014-08-26,1842,,,
2014-08-27,1843,,,
2014-08-28,1844,,,
2014-08-29,1845,,,
2014-09-02,1846,,,
2014-09-03,1847,,,
2014-09-04,1848,,,
2014-09-05,1849,,,
2014-09-08,1850,,,
2014-09-09,1851,,,
2014-09-10,1852,,,
2014-09-11,1853,,,
2014-09-12,1854,,,
2014-09-15,1855,,,
2014-09-16,1856,,,
2014-09-17,1857,,,
2014-09-18,1858,,,
2014-09-19,1859,,,
2014-09-22,1860,,,
2014-09-23,1861,,,
2014-09-24,1862,,,
2014-09-25,1863,,,
2014-09-26,1864,,,
2014-09-29,1865,,,
2014-09-30,1866,,,
2014-10-01,1867,,,
2014-10-02,1868,,,
2014-10-03,1869,,,
2014-10-06,1870,,,
2014-10-07,1871,,,
2014-10-08,1872,,,
2014-10-09,1873,,,
2014-10-10,1874,,,
2014-10-13,1875,,,
2014-10-14,1876,,,
2014-10-15,1877,,,
2014-10-16,1878,,,
2014-10-17,1879,,,
2014-10-20,1880,,,
2014-10-21,1881,,,
2014-10-22,1882,,,
2014-10-23,1883,,,
2014-10-24,1884,,,
2014-10-27,1885,,,
2014-10-28,1886,,,
2014-10-29,1887,,,
2014-10-30,1888,,,
2014-10-31,1889,,,
2014-11-03,1890,,,
2014-11-04,1891,,,
2014-11-05,1892,,,
2014-11-06,1893,,,
2014-11-07,1894,,,
2014-11-10,1895,,,
2014-11-11,1896,,,
2014-11-12,1897,,,
2014-11-13,1898,,,
2014-11-14,1899,,,
2014-11-17,1900,,,
2014-11-18,1901,,,
2014-11-19,1902,,,
2014-11-20,1903,,,
2014-11-21,1904,,,
2014-11-24,1905,,,
2014-11-25,1906,,,
2014-11-26,1907,,,
2014-11-28,1908,,,
2014-12-01,1909,,,
2014-12-02,1910,,,
2014-12-03,1911,,,
2014-12-04,1912,,,
2014-12-05,1913,,,
2014-12-08,1914,,,
2014-12-09,1915,,,
2014-12-10,1916,,,
2014-12-11,1917,,,
2014-12-12,1918,,,
2014-12-15,1919,,,
2014-12-16,1920,,,
2014-12-17,1921,,,
2014-12-18,1922,,,
2014-12-19,1923,,,
2014-12-22,1924,,,
2014-12-23,1925,,,
2014-12-24,1926,,,
2014-12-26,1927,,,
2014-12-29,1928,,,
2014-12-30,1929,,,
2014-12-31,1930,,,
2015-01-02,1931,,,
2015-01-05,1932,,,
2015-01-06,1933,,,
2015-01-07,1934,,,
2015-01-08,1935,,,
2015-01-09,1936,,,
2015-01-12,1937,,,
2015-01-13,1938,,,
2015-01-14,1939,,,
2015-01-15,1940,,,
2015-01-16,1941,,,
2015-01-20,1942,,,
2015-01-21,1943,,,
2015-01-22,1944,,,
2015-01-23,1945,,,
2015-01-26,1946,,,
2015-01-27,1947,,,
2015-01-28,1948,,,
2015-01-29,1949,,,
2015-01-30,1950,,,
2015-02-02,1951,,,
2015-02-03,1952,,,
2015-02-04,1953,,,
2015-02-05,1954,,,
2015-02-06,1955,,,
2015-02-09,1956,,,
2015-02-10,1957,,,
2015-02-11,1958,,,
2015-02-12,1959,,,
2015-02-13,1960,,,
2015-02-17,1961,,,
2015-02-18,1962,,,
2015-02-19,1963,,,
2015-02-20,1964,,,
2015-02-23,1965,,,
2015-02-24,1966,,,
2015-02-25,1967,,,
2015-02-26,1968,,,
2015-02-27,1969,,,
2015-03-02,1970,,,
2015-03-03,1971,,,
2015-03-04,1972,,,
2015-03-05,1973,,,
2015-03-06,1974,,,
2015-03-09,1975,,,
2015-03-10,1976,,,
2015-03-11,1977,,,
2015-03-12,1978,,,
2015-03-13,1979,,,
2015-03-16,1980,,,
2015-03-17,1981,,,
2015-03-18,1982,,,
2015-03-19,1983,,,
2015-03-20,1984,,,
2015-03-23,1985,,,
2015-03-24,1986,,,
2015-03-25,1987,,,
2015-03-26,1988,,,
2015-03-27,1989,,,
2015-03-30,1990,,,
2015-03-31,1991,,,
2015-04-01,1992,,,
2015-04-02,1993,,,
2015-04-06,1994,,,
2015-04-07,1995,,,
2015-04-08,1996,,,
2015-04-09,1997,,,
2015-04-10,1998,,,
2015-04-13,1999,,,
2015-04-14,2000,,,
2015-04-15,2001,,,
2015-04-16,2002,,,
2015-04-17,2003,,,
2015-04-20,2004,,,
2015-04-21,2005,,,
2015-04-22,2006,,,
2015-04-23,2007,,,
2015-04-24,2008,,,
2015-04-27,2009,,,
2015-04-28,2010,,,
2015-04-29,2011,,,
2015-04-30,2012,,,
2015-05-01,2013,,,
2015-05-04,2014,,,
2015-05-05,2015,,,
2015-05-06,2016,,,
2015-05-07,2017,,,
2015-05-08,2018,,,
2015-05-11,2019,,,
2015-05-12,2020,,,
2015-05-13,2021,,,
2015-05-14,2022,,,
2015-05-15,2023,,,
2015-05-18,2024,,,
2015-05-19,2025,,,
2015-05-20,2026,,,
2015-05-21,2027,,,
2015-05-22,2028,,,
2015-05-26,2029,,,
2015-05-27,2030,,,
2015-05-28,2031,,,
2015-05-29,2032,,,
2015-06-01,2033,,,
2015-06-02,2034,,,
2015-06-03,2035,,,
2015-06-04,2036,,,
2015-06-05,2037,,,
2015-06-08,2038,,,
2015-06-09,2039,,,
2015-06-10,2040,,,
2015-06-11,2041,,,
2015-06-12,2042,,,
2015-06-15,2043,,,
2015-06-16,2044,,,
2015-06-17,2045,,,
2015-06-18,2046,,,
2015-06-19,2047,,,
2015-06-22,2048,,,
2015-06-23,2049,,,
2015-06-24,2050,,,
2015-06-25,2051,,,
2015-06-26,2052,,,
2015-06-29,2053,,,
2015-06-30,2054,,,
2015-07-01,2055,,,
2015-07-02,2056,,,
2015-07-06,2057,,,
2015-07-07,2058,,,
2015-07-08,2059,,,
2015-07-09,2060,,,
2015-07-10,2061,,,
2015-07-13,2062,,,
2015-07-14,2063,,,
2015-07-15,2064,,,
2015-07-16,2065,,,
2015-07-17,2066,,,
2015-07-20,2067,,,
2015-07-21,2068,,,
2015-07-22,2069,,,
2015-07-23,2070,,,
2015-07-24,2071,,,
2015-07-27,2072,,,
2015-07-28,2073,,,
2015-07-29,2074,,,
2015-07-30,2075,,,
2015-07-31,2076,,,
2015-08-03,2077,,,
2015-08-04,2078,,,
2015-08-05,2079,,,
2015-08-06,2080,,,
2015-08-07,2081,,,
2015-08-10,2082,,,
2015-08-11,2083,,,
2015-08-12,2084,,,
2015-08-13,2085,,,
2015-08-14,2086,,,
2015-08-17,2087,,,
2015-08-18,2088,,,
2015-08-19,2089,,,
2015-08-20,2090,,,
2015-08-21,2091,,,
2015-08-24,2092,,,
2015-08-25,2093,,,
2015-08-26,2094,,,
2015-08-27,2095,,,
2015-08-28,2096,,,
2015-08-31,2097,,,
2015-09-01,2098,,,
2015-09-02,2099,,,
2015-09-03,2100,,,
2015-09-04,2101,,,
2015-09-08,2102,,,
2015-09-09,2103,,,
2015-09-10,2104,,,
2015-09-11,2105,,,
2015-09-14,2106,,,
2015-09-15,2107,,,
2015-09-16,2108,,,
2015-09-17,2109,,,
2015-09-18,2110,,,
2015-09-21,2111,,,
2015-09-22,2112,,,
2015-09-23,2113,,,
2015-09-24,2114,,,
2015-09-25,2115,,,
2015-09-28,2116,,,
2015-09-29,2117,,,
2015-09-30,2118,,,
2015-10-01,2119,,,
2015-10-02,2120,,,
2015-10-05,2121,,,
2015-10-06,2122,,,
2015-10-07,2123,,,
2015-10-08,2124,,,
2015-10-09,2125,,,
2015-10-12,2126,,,
2015-10-13,2127,,,
2015-10-14,2128,,,
2015-10-15,2129,,,
2015-10-16,2130,,,
2015-10-19,2131,,,
2015-10-20,2132,,,
2015-10-21,2133,,,
2015-10-22,2134,,,
2015-10-23,2135,,,
2015-10-26,2136,,,
2015-10-27,2137,,,
2015-10-28,2138,,,
2015-10-29,2139,,,
2015-10-30,2140,,,
2015-11-02,2141,,,
2015-11-03,2142,,,
2015-11-04,2143,,,
2015-11-05,2144,,,
2015-11-06,2145,,,
2015-11-09,2146,,,
2015-11-10,2147,,,
2015-11-11,2148,,,
2015-11-12,2149,,,
2015-11-13,2150,,,
2015-11-16,2151,,,
2015-11-17,2152,,,
2015-11-18,2153,,,
2015-11-19,2154,,,
2015-11-20,2155,,,
2015-11-23,2156,,,
2015-11-24,2157,,,
2015-11-25,2158,,,
2015-11-27,2159,,,
2015-11-30,2160,,,
2015-12-01,2161,,,
2015-12-02,2162,,,
2015-12-03,2163,,,
2015-12-04,2164,,,
2015-12-07,2165,,,
2015-12-08,2166,,,
2015-12-09,2167,,,
2015-12-10,2168,,,
2015-12-11,2169,,,
2015-12-14,2170,,,
2015-12-15,2171,,,
2015-12-16,2172,,,
2015-12-17,2173,,,
2015-12-18,2174,,,
2015-12-21,2175,,,
2015-12-22,2176,,,
2015-12-23,2177,,,
2015-12-24,2178,,,
2015-12-28,2179,,,
2015-12-29,2180,,,
2015-12-30,2181,,,
2015-12-31,2182,,,
2016-01-04,2183,,,
2016-01-05,2184,,,
2016-01-06,2185,,,
2016-01-07,2186,,,
2016-01-08,2187,,,
2016-01-11,2188,,,
2016-01-12,2189,,,
2016-01-13,2190,,,
2016-01-14,2191,,,
2016-01-15,2192,,,
2016-01-19,2193,,,
2016-01-20,2194,,,
2016-01-21,2195,,,
2016-01-22,2196,,,
2016-01-25,2197,,,
2016-01-26,2198,,,
2016-01-27,2199,,,
2016-01-28,2200,,,
2016-01-29,2201,,,
2016-02-01,2202,,,
2016-02-02,2203,,,
2016-02-03,2204,,,
2016-02-04,2205,,,
2016-02-05,2206,,,
2016-02-08,2207,,,
2016-02-09,2208,,,
2016-02-10,2209,,,
2016-02-11,2210,,,
2016-02-12,2211,,,
2016-02-16,2212,,,
2016-02-17,2213,,,
2016-02-18,2214,,,
2016-02-19,2215,,,
2016-02-22,2216,,,
2016-02-23,2217,,,
2016-02-24,2218,,,
2016-02-25,2219,,,
2016-02-26,2220,,,
2016-02-29,2221,,,
2016-03-01,2222,,,
2016-03-02,2223,,,
2016-03-03,2224,,,
2016-03-04,2225,,,
2016-03-07,2226,,,
2016-03-08,2227,,,
2016-03-09,2228,,,
2016-03-10,2229,,,
2016-03-11,2230,,,
2016-03-14,2231,,,
2016-03-15,2232,,,
2016-03-16,2233,,,
2016-03-17,2234,,,
2016-03-18,2235,,,
2016-03-21,2236,,,
2016-03-22,2237,,,
2016-03-23,2238,,,
2016-03-24,2239,,,
2016-03-28,2240,,,
2016-03-29,2241,,,
2016-03-30,2242,,,
2016-03-31,2243,,,
2016-04-01,2244,,,
2016-04-04,2245,,,
2016-04-05,2246,,,
2016-04-06,2247,,,
2016-04-07,2248,,,
2016-04-08,2249,,,
2016-04-11,2250,,,
2016-04-12,2251,,,
2016-04-13,2252,,,
2016-04-14,2253,,,
2016-04-15,2254,,,
2016-04-18,2255,,,
2016-04-19,2256,,,
2016-04-20,2257,,,
2016-04-21,2258,,,
2016-04-22,2259,,,
2016-04-25,2260,,,
2016-04-26,2261,,,
2016-04-27,2262,,,
2016-04-28,2263,,,
2016-04-29,2264,,,
2016-05-02,2265,,,
2016-05-03,2266,,,
2016-05-04,2267,,,
2016-05-05,2268,,,
2016-05-06,2269,,,
2016-05-09,2270,,,
2016-05-10,2271,,,
2016-05-11,2272,,,
2016-05-12,2273,,,
2016-05-13,2274,,,
2016-05-16,2275,,,
2016-05-17,2276,,,
2016-05-18,2277,,,
2016-05-19,2278,,,
2016-05-20,2279,,,
2016-05-23,2280,,,
2016-05-24,2281,,,
2016-05-25,2282,,,
2016-05-26,2283,,,
2016-05-27,2284,,,
2016-05-31,2285,,,
2016-06-01,2286,,,
2016-06-02,2287,,,
2016-06-03,2288,,,
2016-06-06,2289,,,
2016-06-07,2290,,,
2016-06-08,2291,,,
2016-06-09,2292,,,
2016-06-10,2293,,,
2016-06-13,2294,,,
2016-06-14,2295,,,
2016-06-15,2296,,,
2016-06-16,2297,,,
2016-06-17,2298,,,
2016-06-20,2299,,,
2016-06-21,2300,,,
2016-06-22,2301,,,
2016-06-23,2302,,,
2016-06-24,2303,,,
2016-06-27,2304,,,
2016-06-28,2305,,,
2016-06-29,2306,,,
2016-06-30,2307,,,
2016-07-01,2308,,,
2016-07-05,2309,,,
2016-07-06,2310,,,
2016-07-07,2311,,,
2016-07-08,2312,,,
2016-07-11,2313,,,
2016-07-12,2314,,,
2016-07-13,2315,,,
2016-07-14,2316,,,
2016-07-15,2317,,,
2016-07-18,2318,,,
2016-07-19,2319,,,
2016-07-20,2320,,,
2016-07-21,2321,,,
2016-07-22,2322,,,
2016-07-25,2323,,,
2016-07-26,2324,,,
2016-07-27,2325,,,
2016-07-28,2326,,,
2016-07-29,2327,,,
2016-08-01,2328,,,
2016-08-02,2329,,,
2016-08-03,2330,,,
2016-08-04,2331,,,
2016-08-05,2332,,,
2016-08-08,2333,,,
2016-08-09,2334,,,
2016-08-10,2335,,,
2016-08-11,2336,,,
2016-08-12,2337,,,
2016-08-15,2338,,,
2016-08-16,2339,,,
2016-08-17,2340,,,
2016-08-18,2341,,,
2016-08-19,2342,,,
2016-08-22,2343,,,
2016-08-23,2344,,,
2016-08-24,2345,,,
2016-08-25,2346,,,
2016-08-26,2347,,,
2016-08-29,2348,,,
2016-08-30,2349,,,
2016-08-31,2350,,,
2016-09-01,2351,,,
2016-09-02,2352,,,
2016-09-06,2353,,,
2016-09-07,2354,,,
2016-09-08,2355,,,
2016-09-09,2356,,,
2016-09-12,2357,,,
2016-09-13,2358,,,
2016-09-14,2359,,,
2016-09-15,2360,,,
2016-09-16,2361,,,
2016-09-19,2362,,,
2016-09-20,2363,,,
2016-09-21,2364,,,
2016-09-22,2365,,,
2016-09-23,2366,,,
2016-09-26,2367,,,
2016-09-27,2368,,,
2016-09-28,2369,,,
2016-09-29,2370,,,
2016-09-30,2371,,,
2016-10-03,2372,,,
2016-10-04,2373,,,
2016-10-05,2374,,,
2016-10-06,2375,,,
2016-10-07,2376,,,
2016-10-10,2377,,,
2016-10-11,2378,,,
2016-10-12,2379,,,
2016-10-13,2380,,,
2016-10-14,2381,,,
2016-10-17,2382,,,
2016-10-18,2383,,,
2016-10-19,2384,,,
2016-10-20,2385,,,
2016-10-21,2386,,,
2016-10-24,2387,,,
2016-10-25,2388,,,
2016-10-26,2389,,,
2016-10-27,2390,,,
2016-10-28,2391,,,
2016-10-31,2392,,,
2016-11-01,2393,,,
2016-11-02,2394,,,
2016-11-03,2395,,,
2016-11-04,2396,,,
2016-11-07,2397,,,
2016-11-08,2398,,,
2016-11-09,2399,,,
2016-11-10,2400,,,
2016-11-11,2401,,,
2016-11-14,2402,,,
2016-11-15,2403,,,
2016-11-16,2404,,,
2016-11-17,2405,,,
2016-11-18,2406,,,
2016-11-21,2407,,,
2016-11-22,2408,,,
2016-11-23,2409,,,
2016-11-25,2410,,,
2016-11-28,2411,,,
2016-11-29,2412,,,
2016-11-30,2413,,,
2016-12-01,2414,,,
2016-12-02,2415,,,
2016-12-05,2416,,,
2016-12-06,2417,,,
2016-12-07,2418,,,
2016-12-08,2419,,,
2016-12-09,2420,,,
2016-12-12,2421,,,
2016-12-13,2422,,,
2016-12-14,2423,,,
2016-12-15,2424,,,
2016-12-16,2425,,,
2016-12-19,2426,,,
2016-12-20,2427,,,
2016-12-21,2428,,,
2016-12-22,2429,,,
2016-12-23,2430,,,
2016-12-27,2431,,,
2016-12-28,2432,,,
2016-12-29,2433,,,
2016-12-30,2434,,,
2017-01-03,2435,,,
2017-01-04,2436,,,
2017-01-05,2437,,,
2017-01-06,2438,,,
2017-01-09,2439,,,
2017-01-10,2440,,,
2017-01-11,2441,,,
2017-01-12,2442,,,
2017-01-13,2443,,,
2017-01-17,2444,,,
2017-01-18,2445,,,
2017-01-19,2446,,,
2017-01-20,2447,,,
2017-01-23,2448,,,
2017-01-24,2449,,,
2017-01-25,2450,,,
2017-01-26,2451,,,
2017-01-27,2452,,,
2017-01-30,2453,,,
2017-01-31,2454,,,
2017-02-01,2455,,,
2017-02-02,2456,,,
2017-02-03,2457,,,
2017-02-06,2458,,,
2017-02-07,2459,,,
2017-02-08,2460,,,
2017-02-09,2461,,,
2017-02-10,2462,,,
2017-02-13,2463,,,
2017-02-14,2464,,,
2017-02-15,2465,,,
2017-02-16,2466,,,
2017-02-17,2467,,,
2017-02-21,2468,,,
2017-02-22,2469,,,
2017-02-23,2470,,,
2017-02-24,2471,,,
2017-02-27,2472,,,
2017-02-28,2473,,,
2017-03-01,2474,,,
2017-03-02,2475,,,
2017-03-03,2476,,,
2017-03-06,2477,,,
2017-03-07,2478,,,
2017-03-08,2479,,,
2017-03-09,2480,,,
2017-03-10,2481,,,
2017-03-13,2482,,,
2017-03-14,2483,,,
2017-03-15,2484,,,
2017-03-16,2485,,,
2017-03-17,2486,,,
2017-03-20,2487,,,
2017-03-21,2488,,,
2017-03-22,2489,,,
2017-03-23,2490,,,
2017-03-24,2491,,,
2017-03-27,2492,,,
2017-03-28,2493,,,
2017-03-29,2494,,,
2017-03-30,2495,,,
2017-03-31,2496,,,
2017-04-03,2497,,,
2017-04-04,2498,,,
2017-04-05,2499,,,
2017-04-06,2500,,,
2017-04-07,2501,,,
2017-04-10,2502,,,
2017-04-11,2503,,,
2017-04-12,2504,,,
2017-04-13,2505,,,
2017-04-17,2506,,,
2017-04-18,2507,,,
2017-04-19,2508,,,
2017-04-20,2509,,,
2017-04-21,2510,,,
2017-04-24,2511,,,
2017-04-25,2512,,,
2017-04-26,2513,,,
2017-04-27,2514,,,
2017-04-28,2515,,,
2017-05-01,2516,,,
2017-05-02,2517,,,
2017-05-03,2518,,,
2017-05-04,2519,,,
2017-05-05,2520,,,
2017-05-08,2521,,,
2017-05-09,2522,,,
2017-05-10,2523,,,
2017-05-11,2524,,,
2017-05-12,2525,,,
2017-05-15,2526,,,
2017-05-16,2527,,,
2017-05-17,2528,,,
2017-05-18,2529,,,
2017-05-19,2530,,,
2017-05-22,2531,,,
2017-05-23,2532,,,
2017-05-24,2533,,,
2017-05-25,2534,,,
2017-05-26,2535,,,
2017-05-30,2536,,,
2017-05-31,2537,,,
2017-06-01,2538,,,
2017-06-02,2539,,,
2017-06-05,2540,,,
2017-06-06,2541,,,
2017-06-07,2542,,,
2017-06-08,2543,,,
2017-06-09,2544,,,
2017-06-12,2545,,,
2017-06-13,2546,,,
2017-06-14,2547,,,
2017-06-15,2548,,,
2017-06-16,2549,,,
2017-06-19,2550,,,
2017-06-20,2551,,,
2017-06-21,2552,,,
2017-06-22,2553,,,
2017-06-23,2554,,,
2017-06-26,2555,,,
2017-06-27,2556,,,
2017-06-28,2557,,,
2017-06-29,2558,,,
2017-06-30,2559,,,
2017-07-03,2560,,,
2017-07-05,2561,,,
2017-07-06,2562,,,
2017-07-07,2563,,,
2017-07-10,2564,,,
2017-07-11,2565,,,
2017-07-12,2566,,,
2017-07-13,2567,,,
2017-07-14,2568,,,
2017-07-17,2569,,,
2017-07-18,2570,,,
2017-07-19,2571,,,
2017-07-20,2572,,,
2017-07-21,2573,,,
2017-07-24,2574,,,
2017-07-25,2575,,,
2017-07-26,2576,,,
2017-07-27,2577,,,
2017-07-28,2578,,,
2017-07-31,2579,,,
2017-08-01,2580,,,
2017-08-02,2581,,,
2017-08-03,2582,,,
2017-08-04,2583,,,
2017-08-07,2584,,,
2017-08-08,2585,,,
2017-08-09,2586,,,
2017-08-10,2587,,,
2017-08-11,2588,,,
2017-08-14,2589,,,
2017-08-15,2590,,,
2017-08-16,2591,,,
2017-08-17,2592,,,
2017-08-18,2593,,,
2017-08-21,2594,,,
2017-08-22,2595,,,
2017-08-23,2596,,,
2017-08-24,2597,,,
2017-08-25,2598,,,
2017-08-28,2599,,,
2017-08-29,2600,,,
2017-08-30,2601,,,
2017-08-31,2602,,,
2017-09-01,2603,,,
2017-09-05,2604,,,
2017-09-06,2605,,,
2017-09-07,2606,,,
2017-09-08,2607,,,
2017-09-11,2608,,,
2017-09-12,2609,,,
2017-09-13,2610,,,
2017-09-14,2611,,,
2017-09-15,2612,,,
2017-09-18,2613,,,
2017-09-19,2614,,,
2017-09-20,2615,,,
2017-09-21,2616,,,
2017-09-22,2617,,,
2017-09-25,2618,,,
2017-09-26,2619,,,
2017-09-27,2620,,,
2017-09-28,2621,,,
2017-09-29,2622,,,
2017-10-02,2623,,,
2017-10-03,2624,,,
2017-10-04,2625,,,
2017-10-05,2626,,,
2017-10-06,2627,,,
2017-10-09,2628,,,
2017-10-10,2629,,,
2017-10-11,2630,,,
2017-10-12,2631,,,
2017-10-13,2632,,,
2017-10-16,2633,,,
2017-10-17,2634,,,
2017-10-18,2635,,,
2017-10-19,2636,,,
2017-10-20,2637,,,
2017-10-23,2638,,,
2017-10-24,2639,,,
2017-10-25,2640,,,
2017-10-26,2641,,,
2017-10-27,2642,,,
2017-10-30,2643,,,
2017-10-31,2644,,,
2017-11-01,2645,,,
2017-11-02,2646,,,
2017-11-03,2647,,,
2017-11-06,2648,,,
2017-11-07,2649,,,
2017-11-08,2650,,,
2017-11-09,2651,,,
2017-11-10,2652,,,
2017-11-13,2653,,,
2017-11-14,2654,,,
2017-11-15,2655,,,
2017-11-16,2656,,,
2017-11-17,2657,,,
2017-11-20,2658,,,
2017-11-21,2659,,,
2017-11-22,2660,,,
2017-11-24,2661,,,
2017-11-27,2662,,,
2017-11-28,2663,,,
2017-11-29,2664,,,
2017-11-30,2665,,,
2017-12-01,2666,,,
2017-12-04,2667,,,
2017-12-05,2668,,,
2017-12-06,2669,,,
2017-12-07,2670,,,
2017-12-08,2671,,,
2017-12-11,2672,,,
2017-12-12,2673,,,
2017-12-13,2674,,,
2017-12-14,2675,,,
2017-12-15,2676,,,
2017-12-18,2677,,,
2017-12-19,2678,,,
2017-12-20,2679,,,
2017-12-21,2680,,,
2017-12-22,2681,,,
2017-12-26,2682,,,
2017-12-27,2683,,,
2017-12-28,2684,,,
2017-12-29,2685,,,
2018-01-02,2686,,,
2018-01-03,2687,,,
2018-01-04,2688,,,
2018-01-05,2689,,,
2018-01-08,2690,,,
2018-01-09,2691,,,
2018-01-10,2692,,,
2018-01-11,2693,,,
2018-01-12,2694,,,
2018-01-16,2695,,,
2018-01-17,2696,,,
2018-01-18,2697,,,
2018-01-19,2698,,,
2018-01-22,2699,,,
2018-01-23,2700,,,
2018-01-24,2701,,,
2018-01-25,2702,,,
2018-01-26,2703,,,
2018-01-29,2704,,,
2018-01-30,2705,,,
2018-01-31,2706,,,
2018-02-01,2707,,,
2018-02-02,2708,,,
2018-02-05,2709,,,
2018-02-06,2710,,,
2018-02-07,2711,,,
2018-02-08,2712,,,
2018-02-09,2713,,,
2018-02-12,2714,,,
2018-02-13,2715,,,
2018-02-14,2716,,,
2018-02-15,2717,,,
2018-02-16,2718,,,
2018-02-20,2719,,,
2018-02-21,2720,,,
2018-02-22,2721,,,
2018-02-23,2722,,,
2018-02-26,2723,,,
2018-02-27,2724,,,
2018-02-28,2725,,,
2018-03-01,2726,,,
2018-03-02,2727,,,
2018-03-05,2728,,,
2018-03-06,2729,,,
2018-03-07,2730,,,
2018-03-08,2731,,,
2018-03-09,2732,,,
2018-03-12,2733,,,
2018-03-13,2734,,,
2018-03-14,2735,,,
2018-03-15,2736,,,
2018-03-16,2737,,,
2018-03-19,2738,,,
2018-03-20,2739,,,
2018-03-21,2740,,,
2018-03-22,2741,,,
2018-03-23,2742,,,
2018-03-26,2743,,,
2018-03-27,2744,,,
2018-03-28,2745,,,
2018-03-29,2746,,,
2018-04-02,2747,,,
2018-04-03,2748,,,
2018-04-04,2749,,,
2018-04-05,2750,,,
2018-04-06,2751,,,
2018-04-09,2752,,,
2018-04-10,2753,,,
2018-04-11,2754,,,
2018-04-12,2755,,,
2018-04-13,2756,,,
2018-04-16,2757,,,
2018-04-17,2758,,,
2018-04-18,2759,,,
2018-04-19,2760,,,
2018-04-20,2761,,,
2018-04-23,2762,,,
2018-04-24,2763,,,
2018-04-25,2764,,,
2018-04-26,2765,,,
2018-04-27,2766,,,
2018-04-30,2767,,,
2018-05-01,2768,,,
2018-05-02,2769,,,
2018-05-03,2770,,,
2018-05-04,2771,,,
2018-05-07,2772,,,
2018-05-08,2773,,,
2018-05-09,2774,,,
2018-05-10,2775,,,
2018-05-11,2776,,,
2018-05-14,2777,,,
2018-05-15,2778,,,
2018-05-16,2779,,,
2018-05-17,2780,,,
2018-05-18,2781,,,
2018-05-21,2782,,,
2018-05-22,2783,,,
2018-05-23,2784,,,
2018-05-24,2785,,,
2018-05-25,2786,,,
2018-05-29,2787,,,
2018-05-30,2788,,,
2018-05-31,2789,,,
2018-06-01,2790,,,
2018-06-04,2791,,,
2018-06-05,2792,,,
2018-06-06,2793,,,
2018-06-07,2794,,,
2018-06-08,2795,,,
2018-06-11,2796,,,
2018-06-12,2797,,,
2018-06-13,2798,,,
2018-06-14,2799,,,
2018-06-15,2800,,,
2018-06-18,2801,,,
2018-06-19,2802,,,
2018-06-20,2803,,,
2018-06-21,2804,,,
2018-06-22,2805,,,
2018-06-25,2806,,,
2018-06-26,2807,,,
2018-06-27,2808,,,
2018-06-28,2809,,,
2018-06-29,2810,,,
2018-07-02,2811,,,
2018-07-03,2812,,,
2018-07-05,2813,,,
2018-07-06,2814,,,
2018-07-09,2815,,,
2018-07-10,2816,,,
2018-07-11,2817,,,
2018-07-12,2818,,,
2018-07-13,2819,,,
2018-07-16,2820,,,
2018-07-17,2821,,,
2018-07-18,2822,,,
2018-07-19,2823,,,
2018-07-20,2824,,,
2018-07-23,2825,,,
2018-07-24,2826,,,
2018-07-25,2827,,,
2018-07-26,2828,,,
2018-07-27,2829,,,
2018-07-30,2830,,,
2018-07-31,2831,,,
2018-08-01,2832,,,
2018-08-02,2833,,,
2018-08-03,2834,,,
2018-08-06,2835,,,
2018-08-07,2836,,,
2018-08-08,2837,,,
2018-08-09,2838,,,
2018-08-10,2839,,,
2018-08-13,2840,,,
2018-08-14,2841,,,
2018-08-15,2842,,,
2018-08-16,2843,,,
2018-08-17,2844,,,
2018-08-20,2845,,,
2018-08-21,2846,,,
2018-08-22,2847,,,
2018-08-23,2848,,,
2018-08-24,2849,,,
2018-08-27,2850,,,
2018-08-28,2851,,,
2018-08-29,2852,,,
2018-08-30,2853,,,
2018-08-31,2854,,,
2018-09-04,2855,,,
2018-09-05,2856,,,
2018-09-06,2857,,,
2018-09-07,2858,,,
2018-09-10,2859,,,
2018-09-11,2860,,,
2018-09-12,2861,,,
2018-09-13,2862,,,
2018-09-14,2863,,,
2018-09-17,2864,,,
2018-09-18,2865,,,
2018-09-19,2866,,,
2018-09-20,2867,,,
2018-09-21,2868,,,
2018-09-24,2869,,,
2018-09-25,2870,,,
2018-09-26,2871,,,
2018-09-27,2872,,,
2018-09-28,2873,,,
2018-10-01,2874,,,
2018-10-02,2875,,,
2018-10-03,2876,,,
2018-10-04,2877,,,
2018-10-05,2878,,,
2018-10-08,2879,,,
2018-10-09,2880,,,
2018-10-10,2881,,,
2018-10-11,2882,,,
2018-10-12,2883,,,
2018-10-15,2884,,,
2018-10-16,2885,,,
2018-10-17,2886,,,
2018-10-18,2887,,,
2018-10-19,2888,,,
2018-10-22,2889,,,
2018-10-23,2890,,,
2018-10-24,2891,,,
2018-10-25,2892,,,
2018-10-26,2893,,,
2018-10-29,2894,,,
2018-10-30,2895,,,
2018-10-31,2896,,,
2018-11-01,2897,,,
2018-11-02,2898,,,
2018-11-05,2899,,,
2018-11-06,2900,,,
2018-11-07,2901,,,
2018-11-08,2902,,,
2018-11-09,2903,,,
2018-11-12,2904,,,
2018-11-13,2905,,,
2018-11-14,2906,,,
2018-11-15,2907,,,
2018-11-16,2908,,,
2018-11-19,2909,,,
2018-11-20,2910,,,
2018-11-21,2911,,,
2018-11-23,2912,,,
2018-11-26,2913,,,
2018-11-27,2914,,,
2018-11-28,2915,,,
2018-11-29,2916,,,
2018-11-30,2917,,,
2018-12-03,2918,,,
2018-12-04,2919,,,
2018-12-06,2920,,,
2018-12-07,2921,,,
2018-12-10,2922,,,
2018-12-11,2923,,,
2018-12-12,2924,,,
2018-12-13,2925,,,
2018-12-14,2926,,,
2018-12-17,2927,,,
2018-12-18,2928,,,
2018-12-19,2929,,,
2018-12-20,2930,,,
2018-12-21,2931,,,
2018-12-24,2932,,,
2018-12-26,2933,,,
2018-12-27,2934,,,
2018-12-28,2935,,,
2018-12-31,2936,,,
2019-01-02,2937,,,
2019-01-03,2938,,,
2019-01-04,2939,,,
2019-01-07,2940,,,
2019-01-08,2941,,,
2019-01-09,2942,,,
2019-01-10,2943,,,
2019-01-11,2944,,,
2019-01-14,2945,,,
2019-01-15,2946,,,
2019-01-16,2947,,,
2019-01-17,2948,,,
2019-01-18,2949,,,
2019-01-22,2950,,,
2019-01-23,2951,,,
2019-01-24,2952,,,
2019-01-25,2953,,,
2019-01-28,2954,,,
2019-01-29,2955,,,
2019-01-30,2956,,,
2019-01-31,2957,,,
2019-02-01,2958,,,
2019-02-04,2959,,,
2019-02-05,2960,,,
2019-02-06,2961,,,
2019-02-07,2962,,,
2019-02-08,2963,,,
2019-02-11,2964,,,
2019-02-12,2965,,,
2019-02-13,2966,,,
2019-02-14,2967,,,
2019-02-15,2968,,,
2019-02-19,2969,,,
2019-02-20,2970,,,
2019-02-21,2971,,,
2019-02-22,2972,,,
2019-02-25,2973,,,
2019-02-26,2974,,,
2019-02-27,2975,,,
2019-02-28,2976,,,
2019-03-01,2977,,,
2019-03-04,2978,,,
2019-03-05,2979,,,
2019-03-06,2980,,,
2019-03-07,2981,,,
2019-03-08,2982,,,
2019-03-11,2983,,,
2019-03-12,2984,,,
2019-03-13,2985,,,
2019-03-14,2986,,,
2019-03-15,2987,,,
2019-03-18,2988,,,
2019-03-19,2989,,,
2019-03-20,2990,,,
2019-03-21,2991,,,
2019-03-22,2992,,,
2019-03-25,2993,,,
2019-03-26,2994,,,
2019-03-27,2995,,,
2019-03-28,2996,,,
2019-03-29,2997,,,
2019-04-01,2998,,,
2019-04-02,2999,,,
2019-04-03,3000,,,
2019-04-04,3001,,,
2019-04-05,3002,,,
2019-04-08,3003,,,
2019-04-09,3004,,,
2019-04-10,3005,,,
2019-04-11,3006,,,
2019-04-12,3007,,,
2019-04-15,3008,,,
2019-04-16,3009,,,
2019-04-17,3010,,,
2019-04-18,3011,,,
2019-04-22,3012,,,
2019-04-23,3013,,,
2019-04-24,3014,,,
2019-04-25,3015,,,
2019-04-26,3016,,,
2019-04-29,3017,,,
2019-04-30,3018,,,
2019-05-01,3019,,,
2019-05-02,3020,,,
2019-05-03,3021,,,
2019-05-06,3022,,,
2019-05-07,3023,,,
2019-05-08,3024,,,
2019-05-09,3025,,,
2019-05-10,3026,,,
2019-05-13,3027,,,
2019-05-14,3028,,,
2019-05-15,3029,,,
2019-05-16,3030,,,
2019-05-17,3031,,,
2019-05-20,3032,,,
2019-05-21,3033,,,
2019-05-22,3034,,,
2019-05-23,3035,,,
2019-05-24,3036,,,
2019-05-28,3037,,,
2019-05-29,3038,,,
2019-05-30,3039,,,
2019-05-31,3040,,,
2019-06-03,3041,,,
2019-06-04,3042,,,
2019-06-05,3043,,,
2019-06-06,3044,,,
2019-06-07,3045,,,
2019-06-10,3046,,,
2019-06-11,3047,,,
2019-06-12,3048,,,
2019-06-13,3049,,,
2019-06-14,3050,,,
2019-06-17,3051,,,
2019-06-18,3052,,,
2019-06-19,3053,,,
2019-06-20,3054,,,
2019-06-21,3055,,,
2019-06-24,3056,,,
2019-06-25,3057,,,
2019-06-26,3058,,,
2019-06-27,3059,,,
2019-06-28,3060,,,
2019-07-01,3061,,,
2019-07-02,3062,,,
2019-07-03,3063,,,
2019-07-05,3064,,,
2019-07-08,3065,,,
2019-07-09,3066,,,
2019-07-10,3067,,,
2019-07-11,3068,,,
2019-07-12,3069,,,
2019-07-15,3070,,,
2019-07-16,3071,,,
2019-07-17,3072,,,
2019-07-18,3073,,,
2019-07-19,3074,,,
2019-07-22,3075,,,
2019-07-23,3076,,,
2019-07-24,3077,,,
2019-07-25,3078,,,
2019-07-26,3079,,,
2019-07-29,3080,,,
2019-07-30,3081,,,
2019-07-31,3082,,,
2019-08-01,3083,,,
2019-08-02,3084,,,
2019-08-05,3085,,,
2019-08-06,3086,,,
2019-08-07,3087,,,
2019-08-08,3088,,,
2019-08-09,3089,,,
2019-08-12,3090,,,
2019-08-13,3091,,,
2019-08-14,3092,,,
2019-08-15,3093,,,
2019-08-16,3094,,,
2019-08-19,3095,,,
2019-08-20,3096,,,
2019-08-21,3097,,,
2019-08-22,3098,,,
2019-08-23,3099,,,
2019-08-26,3100,,,
2019-08-27,3101,,,
2019-08-28,3102,,,
2019-08-29,3103,,,
2019-08-30,3104,,,
2019-09-03,3105,,,
2019-09-04,3106,,,
2019-09-05,3107,,,
2019-09-06,3108,,,
2019-09-09,3109,,,
2019-09-10,3110,,,
2019-09-11,3111,,,
2019-09-12,3112,,,
2019-09-13,3113,,,
2019-09-16,3114,,,
2019-09-17,3115,,,
2019-09-18,3116,,,
2019-09-19,3117,,,
2019-09-20,3118,,,
2019-09-23,3119,,,
2019-09-24,3120,,,
2019-09-25,3121,,,
2019-09-26,3122,,,
2019-09-27,3123,,,
2019-09-30,3124,,,
2019-10-01,3125,,,
2019-10-02,3126,,,
2019-10-03,3127,,,
2019-10-04,3128,,,
2019-10-07,3129,,,
2019-10-08,3130,,,
2019-10-09,3131,,,
2019-10-10,3132,,,
2019-10-11,3133,,,
2019-10-14,3134,,,
2019-10-15,3135,,,
2019-10-16,3136,,,
2019-10-17,3137,,,
2019-10-18,3138,,,
2019-10-21,3139,,,
2019-10-22,3140,,,
2019-10-23,3141,,,
2019-10-24,3142,,,
2019-10-25,3143,,,
2019-10-28,3144,,,
2019-10-29,3145,,,
2019-10-30,3146,,,
2019-10-31,3147,,,
2019-11-01,3148,,,
2019-11-04,3149,,,
2019-11-05,3150,,,
2019-11-06,3151,,,
2019-11-07,3152,,,
2019-11-08,3153,,,
2019-11-11,3154,,,
2019-11-12,3155,,,
2019-11-13,3156,,,
2019-11-14,3157,,,
2019-11-15,3158,,,
2019-11-18,3159,,,
2019-11-19,3160,,,
2019-11-20,3161,,,
2019-11-21,3162,,,
2019-11-22,3163,,,
2019-11-25,3164,,,
2019-11-26,3165,,,
2019-11-27,3166,,,
2019-11-29,3167,,,
2019-12-02,3168,,,
2019-12-03,3169,,,
2019-12-04,3170,,,
2019-12-05,3171,,,
2019-12-06,3172,,,
2019-12-09,3173,,,
2019-12-10,3174,,,
2019-12-11,3175,,,
2019-12-12,3176,,,
2019-12-13,3177,,,
2019-12-16,3178,,,
2019-12-17,3179,,,
2019-12-18,3180,,,
2019-12-19,3181,,,
2019-12-20,3182,,,
2019-12-23,3183,,,
2019-12-24,3184,,,
2019-12-26,3185,,,
2019-12-27,3186,,,
2019-12-30,3187,,,
2019-12-31,3188,,,
2020-01-02,3189,,,
2020-01-03,3190,,,
2020-01-06,3191,,,
2020-01-07,3192,,,
2020-01-08,3193,,,
2020-01-09,3194,,,
2020-01-10,3195,,,
2020-01-13,3196,,,
2020-01-14,3197,,,
2020-01-15,3198,,,
2020-01-16,3199,,,
2020-01-17,3200,,,
2020-01-21,3201,,,
2020-01-22,3202,,,
2020-01-23,3203,,,
2020-01-24,3204,,,
2020-01-27,3205,,,
2020-01-28,3206,,,
2020-01-29,3207,,,
2020-01-30,3208,,,
2020-01-31,3209,,,
2020-02-03,3210,,,
2020-02-04,3211,,,
2020-02-05,3212,,,
2020-02-06,3213,,,
2020-02-07,3214,,,
2020-02-10,3215,,,
2020-02-11,3216,,,
2020-02-12,3217,,,
2020-02-13,3218,,,
2020-02-14,3219,,,
2020-02-18,3220,,,
2020-02-19,3221,,,
2020-02-20,3222,,,
2020-02-21,3223,,,
2020-02-24,3224,,,
2020-02-25,3225,,,
2020-02-26,3226,,,
2020-02-27,3227,,,
2020-02-28,3228,,,
2020-03-02,3229,,,
2020-03-03,3230,,,
2020-03-04,3231,,,
2020-03-05,3232,,,
2020-03-06,3233,,,
2020-03-09,3234,,,
2020-03-10,3235,,,
2020-03-11,3236,,,
2020-03-12,3237,,,
2020-03-13,3238,,,
2020-03-16,3239,,,
2020-03-17,3240,,,
2020-03-18,3241,,,
2020-03-19,3242,,,
2020-03-20,3243,,,
2020-03-23,3244,,,
2020-03-24,3245,,,
2020-03-25,3246,,,
2020-03-26,3247,,,
2020-03-27,3248,,,
2020-03-30,3249,,,
2020-03-31,3250,,,
2020-04-01,3251,,,
2020-04-02,3252,,,
2020-04-03,3253,,,
2020-04-06,3254,,,
2020-04-07,3255,,,
2020-04-08,3256,,,
2020-04-09,3257,,,
2020-04-13,3258,,,
2020-04-14,3259,,,
2020-04-15,3260,,,
2020-04-16,3261,,,
2020-04-17,3262,,,
2020-04-20,3263,,,
2020-04-21,3264,,,
2020-04-22,3265,,,
2020-04-23,3266,,,
2020-04-24,3267,,,
2020-04-27,3268,,,
2020-04-28,3269,,,
2020-04-29,3270,,,
2020-04-30,3271,,,
2020-05-01,3272,,,
2020-05-04,3273,,,
2020-05-05,3274,,,
2020-05-06,3275,,,
2020-05-07,3276,,,
2020-05-08,3277,,,
2020-05-11,3278,,,
2020-05-12,3279,,,
2020-05-13,3280,,,
2020-05-14,3281,,,
2020-05-15,3282,,,
2020-05-18,3283,,,
2020-05-19,3284,,,
2020-05-20,3285,,,
2020-05-21,3286,,,
2020-05-22,3287,,,
2020-05-26,3288,,,
2020-05-27,3289,,,
2020-05-28,3290,,,
2020-05-29,3291,,,
2020-06-01,3292,,,
2020-06-02,3293,,,
2020-06-03,3294,,,
2020-06-04,3295,,,
2020-06-05,3296,,,
2020-06-08,3297,,,
2020-06-09,3298,,,
2020-06-10,3299,,,
2020-06-11,3300,,,
2020-06-12,3301,,,
2020-06-15,3302,,,
2020-06-16,3303,,,
2020-06-17,3304,,,
2020-06-18,3305,,,
2020-06-19,3306,,,
2020-06-22,3307,,,
2020-06-23,3308,,,
2020-06-24,3309,,,
2020-06-25,3310,,,
2020-06-26,3311,,,
2020-06-29,3312,,,
2020-06-30,3313,,,
2020-07-01,3314,,,
2020-07-02,3315,,,
2020-07-06,3316,,,
2020-07-07,3317,,,
2020-07-08,3318,,,
2020-07-09,3319,,,
2020-07-10,3320,,,
2020-07-13,3321,,,
2020-07-14,3322,,,
2020-07-15,3323,,,
2020-07-16,3324,,,
2020-07-17,3325,,,
2020-07-20,3326,,,
2020-07-21,3327,,,
2020-07-22,3328,,,
2020-07-23,3329,,,
2020-07-24,3330,,,
2020-07-27,3331,,,
2020-07-28,3332,,,
2020-07-29,3333,,,
2020-07-30,3334,,,
2020-07-31,3335,,,
2020-08-03,3336,,,
2020-08-04,3337,,,
2020-08-05,3338,,,
2020-08-06,3339,,,
2020-08-07,3340,,,
2020-08-10,3341,,,
2020-08-11,3342,,,
2020-08-12,3343,,,
2020-08-13,3344,,,
2020-08-14,3345,,,
2020-08-17,3346,,,
2020-08-18,3347,,,
2020-08-19,3348,,,
2020-08-20,3349,,,
2020-08-21,3350,,,
2020-08-24,3351,,,
2020-08-25,3352,,,
2020-08-26,3353,,,
2020-08-27,3354,,,
2020-08-28,3355,,,
2020-08-31,3356,,,
2020-09-01,3357,,,
2020-09-02,3358,,,
2020-09-03,3359,,,
2020-09-04,3360,,,
2020-09-08,3361,,,
2020-09-09,3362,,,
2020-09-10,3363,,,
2020-09-11,3364,,,
2020-09-14,126,62.88496634889718,0.500912965484943,0.9999999998202848
2020-09-15,127,85.2111554966417,0.3316574960583992,0.999999991395375
2020-09-16,128,62.55937562495557,0.5193700347225748,0.9999999999236752
2020-09-17,129,62.530977056870334,0.5275319281200767,0.9999999966468192
2020-09-18,130,62.55643474851033,0.5352663908848386,0.9999999952072433
2020-09-21,131,62.53322757989509,0.5433870826992454,0.9999999621168985
2020-09-22,132,62.54593404436709,0.5512227456796263,0.99999998454825
2020-09-23,133,62.56892987525993,0.5589767470217466,0.9999998149462472
2020-09-24,134,62.715698743243415,0.5657484226726712,0.9999992265811548
2020-09-25,135,62.6828914066543,0.5739453062963944,0.9999995293525602
2020-09-28,136,62.58633457407991,0.5826481383009531,0.9999992451187596
2020-09-29,137,62.57521578812325,0.5906728905704505,0.9999995429784748
2020-09-30,138,62.56886481746467,0.5986598030359946,0.9999997783310672
2020-10-01,139,62.55160961267021,0.6067332570423,0.9999979185997772
2020-10-02,140,62.55512504177972,0.61464186474778,0.999998275542484
2020-10-05,141,62.52368716105476,0.6228278796741685,0.9999990529079158
2020-10-06,142,62.58276538780367,0.6302955127952089,0.9999993713889536
2020-10-07,143,70.81599898389581,0.5728888969532079,0.9999972197758944
2020-10-08,144,70.8874313875727,0.5802584810510103,0.9999982437986088
2020-10-09,145,73.45426490254007,0.5678232944242851,0.9999989311070064
2020-10-12,146,62.553755299714055,0.6622717833356028,0.9999998973785442
2020-10-13,147,70.58573578834651,0.6064624143782023,0.9999993845163216
2020-10-14,148,70.59928480545503,0.6142913904328966,0.9999996877810052
2020-10-15,149,70.52993696383507,0.622778278064801,0.9999997083467688
2020-10-16,150,62.5422178073948,0.6941093824809937,0.9999999739430164
2020-10-19,151,85.62721335194891,0.5188316400638976,0.9999999662902708
2020-10-20,152,73.2732822149929,0.6248152205159293,0.9999999337850248
2020-10-21,153,70.62854260002516,0.6537417253966258,0.999999960805498
2020-10-22,154,70.02670003995681,0.6664547615876444,0.999999933996487
2020-10-23,155,85.03544999130011,0.5552742064182531,0.999999982432472
2020-10-26,156,62.57670672904207,0.7414547084996661,0.999999995566914
2020-10-27,157,85.08022279860243,0.5707918825507743,0.9999999354101012
2020-10-28,158,85.80289819828926,0.5729928714421487,0.9999997526809856
2020-10-29,159,85.05042764529051,0.5869013678945197,0.9999997177628956
2020-10-30,160,85.5930119023844,0.5905316515683777,0.999999786851778
2020-11-02,161,70.47227314032293,0.7184740226958498,0.9999994935456968
2020-11-03,162,62.90107399219542,0.7864994127603538,0.999999937600289
2020-11-04,163,62.14458324736354,0.8004398154971147,0.9999999683785266
2020-11-05,164,62.082825677029184,0.8088664628807208,0.999999965978532
2020-11-06,165,77.16446763046049,0.6971073997582501,0.9999998944508584
2020-11-09,166,85.11386230309066,0.6419534737849948,0.9999401880163032
2020-11-10,167,62.66430303202881,0.8280610870473903,0.9999983349885015
2020-11-11,168,85.16309967900472,0.6574357168332959,0.9998949110465494
2020-11-12,169,62.72109737404829,0.8434833541742199,0.9999979476150171
2020-11-13,170,85.11662371387445,0.6736775895724251,0.999931552744574
2020-11-16,171,62.67382414516577,0.8597315544034463,0.9999831940034304
2020-11-17,172,62.99125808576439,0.8651487453510762,0.9999936815902816
2020-11-18,173,62.9913638622548,0.8730844137916286,0.999996222102164
2020-11-19,174,85.12383489017691,0.7053663897605007,0.9999098529625852
2020-11-20,175,85.05729599992043,0.7138309841276157,0.9999388858066404
2020-11-23,176,62.65172218631513,0.8995895064578163,0.9999867194563096
2020-11-24,177,85.09180866049208,0.7294300899960946,0.9996258289362656
2020-11-25,178,102.99442177470692,0.5952823668674055,0.9802165201761536
2020-11-27,179,112.9657973512672,0.5240809734026413,0.9511638410002904
2020-11-30,180,112.929356446149,0.5323066948718332,0.9573794837378112
2020-12-01,181,112.98220534835008,0.5398237670765865,0.9676981663907764
2020-12-02,182,112.9837444556042,0.547748059876157,0.9624594605849042
2020-12-03,183,112.96421430246936,0.5558395690280209,0.888250326907362
2020-12-04,184,112.98568767650886,0.5636056533610408,0.8882124115893723
2020-12-07,185,59.00000026703303,0.9999999978806904,0.9998546638215664
2020-12-08,186,112.98035429148416,0.5795209976866337,0.8435906965583377
2020-12-09,187,62.19757343381351,0.990495448937988,0.9999062136500816
2020-12-10,188,121.07252850203773,0.5311704087139862,0.8526288715673108
2020-12-11,189,129.01377529926796,0.4760811484185082,0.7138505156370343
2020-12-14,190,129.01365750175114,0.4840185912559433,0.6935469936298155
2020-12-15,191,129.01436497497312,0.4919494843256101,0.6794223193541569
2020-12-16,192,129.01848860004998,0.4998532650789684,0.66158042531384
2020-12-17,193,129.02308418809326,0.5077533000944979,0.6347674766495295
2020-12-18,194,153.0041066723026,0.3253642327595031,0.8681475791750932
2020-12-21,195,153.01778680512712,0.3331921682132768,0.8444475904432558
2020-12-22,196,153.0043369990576,0.3412354206424001,0.8324755323299077
2020-12-23,197,134.1171486135407,0.499070249098883,0.5705434522538073
2020-12-24,198,134.03562544274678,0.5076537663274066,0.5650889212894952
2020-12-28,199,153.00989187917247,0.3650008581018057,0.8509869038834112
2020-12-29,200,153.01258461864535,0.3729159950901163,0.8684450666321812
2020-12-30,201,153.01630973135144,0.3808229386400679,0.8460237111652575
2020-12-31,202,147.37850553003875,0.4335039243647718,0.9049443839535128
2021-01-04,203,147.31163236869887,0.4419711716769931,0.9046644380847068
2021-01-05,204,153.0178913146921,0.4046199102008564,0.7958244879478146
2021-01-06,205,153.01530080415955,0.4125769777447655,0.8050631112816802
2021-01-07,206,146.947788816836,0.4686683427235237,0.8860234919742482
2021-01-08,207,147.0705692601017,0.4756304026976055,0.8848491778009469
2021-01-11,208,147.37655004700662,0.4811384916904236,0.88939657948447
2021-01-12,209,147.10862703159574,0.4912013727651131,0.8795819197997929
2021-01-13,210,152.0508228607249,0.459914104279961,0.7577416051347924
2021-01-14,211,149.3708333017928,0.4891203706206921,0.9317752462420148
2021-01-15,212,150.02198279585224,0.4918890254297441,0.9436668518455088
2021-01-19,213,153.0150959679073,0.4760706669213705,0.9023888546893376
2021-01-20,214,150.04782511148193,0.5075569435596673,0.9308152902437984
2021-01-21,215,153.02184107334676,0.4918901502115336,0.8689487507866046
2021-01-22,216,152.0657536417244,0.5074146536371079,0.8729388013639252
2021-01-25,217,148.88111553035395,0.5406260672194131,0.9152282181042548
2021-01-26,218,148.87786795665886,0.5485883495503265,0.9037294820175188
2021-01-27,219,161.19231058812147,0.4587911858085597,0.7600189083492876
2021-01-28,220,162.99962362767732,0.4523839394628784,0.7229441306958503
2021-01-29,221,163.00978394644358,0.4602398099488605,0.6835055950261206
2021-02-01,222,163.00156524742664,0.4682415456553441,0.6712273023901196
2021-02-02,223,163.0081284326559,0.4761259648201913,0.6485658707833218
2021-02-03,224,163.00593234603338,0.4840799020156081,0.6275865528556379
2021-02-04,225,163.00699118887587,0.4920080064374931,0.6125827375406692
2021-02-05,226,146.63396472833836,0.6298891688227115,0.8434908050533619
2021-02-08,227,146.53785052276478,0.6385884879145652,0.8458153199899489
2021-02-09,228,146.2820869334614,0.6485548656074491,0.8409381529219525
2021-02-10,229,163.02032207082937,0.5236482375331003,0.6444359777523264
2021-02-11,230,177.99811744920572,0.4127133535777323,0.9987164740938036
2021-02-12,231,171.98403709568922,0.4683806579707205,0.99796853496208
2021-02-16,232,177.98167038869695,0.4287169016770083,0.9990947127286848
2021-02-17,233,177.65188349148804,0.4392707659405711,0.9993338970995052
2021-02-18,234,177.99843809695852,0.4444568405003292,0.9995594591799388
2021-02-19,235,177.96155958780878,0.4526860350173906,0.999596886439513
2021-02-22,236,177.97792104949224,0.4604926900833949,0.9994304840882804
2021-02-23,237,177.6571596603644,0.4709749233304411,0.9995777819923752
2021-02-24,238,171.99278675009518,0.5238667718246415,0.9994611263587956
2021-02-25,239,172.27907254389265,0.5295311702865663,0.99834942578546
2021-02-26,240,177.98881007277495,0.4921523010097225,0.9994454868137936
2021-03-01,241,177.98719125243613,0.5001016567266974,0.9996539231997886
2021-03-02,242,177.96286385220392,0.5082312392682228,0.9997735866920232
2021-03-03,243,177.9858086147371,0.5159856459147849,0.999838685746934
2021-03-04,244,177.97615160091274,0.5239987968181529,0.999787724278138
2021-03-05,245,171.9258755347013,0.5799533687722118,0.9996600114176474
2021-03-08,246,177.978514397869,0.5398530603343731,0.9998473421207674
2021-03-09,247,177.99324363414289,0.5476726695702946,0.9999073606586856
2021-03-10,248,177.95809043597507,0.555888171143055,0.9999450777016532
2021-03-11,249,177.92121188018615,0.5641173660302686,0.9999653483286164
2021-03-12,250,177.98320259517445,0.5715618841652822,0.9999647109470298
2021-03-15,251,177.98280484986367,0.5795015488106058,0.999975577490792
2021-03-16,252,177.99231527938045,0.5873625771477742,0.999975236822422
2021-03-17,253,177.98079676387923,0.5953905018739741,0.9999803752756908
2021-03-18,254,177.960461000826,0.6034884047553492,0.9999833446848428
2021-03-19,255,177.9961710074485,0.6111414999408848,0.9999889845894596
2021-03-22,256,177.98998790753578,0.6191270800989224,0.9999911668406392
2021-03-23,257,177.776224291096,0.6287601246738411,0.9999747742167268
2021-03-24,258,177.73776276745156,0.6370018827980035,0.999855616736952
2021-03-25,259,177.73506075536358,0.6449598352748922,0.9998814878269748
2021-03-26,260,177.99485011800823,0.6508345228729505,0.9999219329338948
2021-03-29,261,177.98685043273196,0.6588345203751432,0.9999447360485404
2021-03-30,262,177.9854411440863,0.6667822131421721,0.9999489391598058
2021-03-31,263,177.98280675679138,0.6747396289143541,0.9999461203424028
2021-04-01,264,177.92470849748574,0.6831372341469386,0.999959472259489
2021-04-05,265,177.99795216635985,0.6904924431241282,0.9999690177095704
2021-04-06,266,177.9862831497396,0.698521562303654,0.9999771180893636
2021-04-07,267,177.95602646319333,0.7066982026730688,0.9999808582939188
2021-04-08,268,177.98335370220946,0.7144178277602424,0.999989217805861
2021-04-09,269,177.72417325552146,0.7244113233688773,0.9999896978331642
2021-04-12,270,171.13710780386032,0.7846261285407912,0.9999890592306326
2021-04-13,271,177.98234650017935,0.7382353452366719,0.9999962707999148
2021-04-14,272,177.97290338574064,0.746246798525868,0.9999980800310232
2021-04-15,273,177.99852736410375,0.7539799415547321,0.999998533825606
2021-04-16,274,177.98676976551442,0.7620097637657586,0.9999989490466444
2021-04-19,275,171.09841464082675,0.8246157568188351,0.9999992157224854
2021-04-20,276,171.07971179146466,0.8327007000677408,0.999999294597528
2021-04-21,277,171.4899362387554,0.8373814584225762,0.9999996098455828
2021-04-22,278,177.6942301748339,0.796077538294969,0.999999759995118
2021-04-23,279,171.05542472825638,0.8567029783471716,0.9999998696444296
2021-04-26,280,171.0492652487716,0.8646883710414952,0.9999999280770618
2021-04-27,281,177.70566219454523,0.8197963317893237,0.9999998023084492
2021-04-28,282,177.98821771763545,0.8254903355743218,0.9999999190143128
2021-04-29,283,177.66187334488612,0.8360168782151896,0.9999997587385256
2021-04-30,284,158.00000000000017,0.9999999999999988,0.9999988072784882
2021-05-03,285,228.0054271475969,0.4523378797809768,0.9971909588039702
2021-05-04,286,228.0022634383681,0.460299496520888,0.994982429338482
2021-05-05,287,227.94243851147945,0.468710805464449,0.9964841458683402
2021-05-06,288,221.99567671531096,0.5238438355927701,0.9981445826446396
2021-05-07,289,221.99039204637816,0.531822285346205,0.9984018816114696
2021-05-10,290,228.0267435456459,0.491851241701223,0.9982309250174398
2021-05-11,291,221.7647321745712,0.5494862525827682,0.9981684292760988
2021-05-12,292,227.96604164171987,0.508206018716509,0.9975439633962448
2021-05-13,293,228.04266925664336,0.5155343709790209,0.7737518772269649
2021-05-14,294,228.99437348260608,0.5159176707729676,0.7438212643791209
2021-05-17,295,228.9903614218655,0.523886020461385,0.6958125778540885
2021-05-18,296,228.99911005421012,0.5317530948078559,0.7326892085095951
2021-05-19,297,228.97629941238148,0.539870639584274,0.6567933540258568
2021-05-20,298,228.9862760291121,0.5477279680229198,0.6378925404838562
2021-05-21,299,228.9803199820795,0.5557117461739722,0.6565913877986445
2021-05-24,300,241.264315530333,0.4661562259497381,0.7397057866570903
2021-05-25,301,241.21597190749435,0.4744764134325845,0.7544886798126018
2021-05-26,302,241.26259702455437,0.4820428807575052,0.7627699827777749
2021-05-27,303,241.24277555621205,0.490136701934825,0.744605814498498
2021-05-28,304,241.38049289523337,0.4969802151171954,0.7059010601910571
2021-06-01,305,241.32402324036,0.505364894917778,0.7181034536978848
2021-06-02,306,241.27435238210583,0.5136956160150329,0.7319046521779491
2021-06-03,307,241.3147715367486,0.5213113370099318,0.7216555867842469
2021-06-04,308,239.9736576508905,0.5398916059453134,0.6524960028447605
2021-06-07,309,246.99726433310997,0.4920852037054766,0.6258487389267138
2021-06-08,310,246.99174601552932,0.5000655078132592,0.6032008645354698
2021-06-09,311,246.99337571457792,0.507989081630334,0.6126224413493673
2021-06-10,312,246.9844284297928,0.5159965997635495,0.6305333853681884
2021-06-11,313,246.99021467635072,0.5238871851083277,0.651433862376021
2021-06-14,314,239.9755555829933,0.587495590611164,0.7124877971146699
2021-06-15,315,254.638259506859,0.4790614324852461,0.6377251176815656
2021-06-16,316,259.7242688475012,0.4466327869245935,0.7778335968834907
2021-06-17,317,259.7293894366875,0.4545286552643851,0.7686367364686939
2021-06-18,318,259.72101916805354,0.4625315939043369,0.7803183431664148
2021-06-21,319,259.71823709750004,0.4704901817658727,0.7855652003656712
2021-06-22,320,294.76639939646384,0.2002666714566362,0.9922168122947236
2021-06-23,321,267.9832834694148,0.420767591512581,0.8944033768796266
2021-06-24,322,267.99494871164507,0.4286115181615471,0.9097392898712636
2021-06-25,323,259.7046096735482,0.5023443676702525,0.8586192271570356
2021-06-28,324,259.72064696311725,0.5101535955308155,0.8287178781987575
2021-06-29,325,262.66165043284354,0.4947488060885433,0.8520832986730877
2021-06-30,326,259.758002026956,0.5257301426432065,0.8748461139793896
2021-07-01,327,262.6765686704769,0.5105034232501833,0.8801254344488967
2021-07-02,328,259.76165243876386,0.5415741869939377,0.9037694233910852
2021-07-06,329,267.98043587731013,0.4842822549419831,0.9444985910376876
2021-07-07,330,267.95227049912535,0.4924422976259893,0.94741338905974
2021-07-08,331,267.9984653336197,0.5000121798919069,0.957599364650342
2021-07-09,332,267.9981227188608,0.507951406993168,0.9437177878849072
2021-07-12,333,267.99264391294696,0.515931397516294,0.9567906000755098
2021-07-13,334,267.98525690220526,0.5239265325221805,0.947314306305104
2021-07-14,335,267.94441876277097,0.5321871526764209,0.9677464337793776
2021-07-15,336,263.28876388885107,0.577073302469436,0.9557698677810004
2021-07-16,337,259.7406552644471,0.613169402663118,0.9299422635807404
2021-07-19,338,268.97974871540606,0.5477797720999519,0.9615694655018022
2021-07-20,339,259.984071607204,0.6271105427999688,0.8143442138200166
2021-07-21,340,262.9939280792395,0.6111593009584169,0.8537814199370708
2021-07-22,341,281.66632834206683,0.4709021560153426,0.904871611708609
2021-07-23,342,281.650185995663,0.4789667778121986,0.9166452191458128
2021-07-26,343,287.0006783825707,0.4444390604557881,0.8227524032586068
2021-07-27,344,281.70426449076064,0.4944105992796775,0.8716650447847647
2021-07-28,345,281.6533069025016,0.5027515325198287,0.881521023396149
2021-07-29,346,287.9981641386459,0.4603320306456674,0.7988365137653378
2021-07-30,347,281.7484932210485,0.5178691014202502,0.8396929142099034
2021-08-02,348,260.3314520153643,0.6957821268621883,0.7132288979821348
2021-08-03,349,281.8332663872509,0.5330693143868978,0.8164348645811869
2021-08-04,350,287.99969879438424,0.492065882584252,0.6795920831880553
2021-08-05,351,287.83826557414744,0.5012836065543854,0.6060089743520325
2021-08-06,352,317.11445481889103,0.2768694061992775,0.9718587141379924
2021-08-09,353,286.99777503382654,0.5238271822712179,0.5956042417328317
2021-08-10,354,287.9851816287657,0.5239271299304309,0.582296410990192
2021-08-11,355,282.17205155902843,0.5779995908013617,0.7208661640551495
2021-08-12,356,270.0670578038067,0.6820074777475661,0.7780741106425859
2021-08-13,357,317.0704942510613,0.3169008392772913,0.9756192548449664
2021-08-16,358,316.1838173850964,0.3318744651976476,0.971729701587028
2021-08-17,359,316.8141019321225,0.3348087148244244,0.974694162545753
2021-08-18,360,315.9327863812341,0.3497397906251261,0.9722343744213848
2021-08-19,361,295.90455609668487,0.5166305071691677,0.7880271181863789
2021-08-20,362,294.9797536612708,0.5319067169740411,0.7612442829019488
2021-08-23,363,295.9780185843013,0.53192048742618,0.692342604300085
2021-08-24,364,295.9781667916271,0.5398558191140709,0.673799023217331
2021-08-25,365,298.0092008990104,0.5316730087380126,0.6836487799282218
2021-08-26,366,317.08880185860045,0.3881841122333297,0.9650108578984338
2021-08-27,367,316.60344910642385,0.3999726261394932,0.9649226276536762
2021-08-30,368,295.9902759503959,0.5715057464254292,0.6663661674510961
2021-08-31,369,294.9842024554882,0.5874269646389828,0.6801759181731206
2021-09-01,370,295.9762726365275,0.5874898997100994,0.7104142939768945
2021-09-02,371,333.0219896335973,0.3014127806857358,0.8371672506595503
2021-09-03,372,315.4026182960315,0.449185569079115,0.9621855273110712
2021-09-07,373,333.0062524750434,0.3174106946425125,0.8273968339777124
2021-09-08,374,315.33949386273395,0.4655595725179846,0.9582819735359028
2021-09-09,375,333.02777278268934,0.3331129144231005,0.832099045617456
2021-09-10,376,333.02931645483284,0.3410371709933902,0.8644824004310381
2021-09-13,377,333.0217210342854,0.3490339600453539,0.8805639063693816
2021-09-14,378,333.0124153486974,0.3570443226293857,0.8799397471817776
2021-09-15,379,333.0149123579997,0.3649610130317482,0.8791329722210214
2021-09-16,380,333.01900051524024,0.3728650752758711,0.8758241451811785
2021-09-17,381,333.06647142500043,0.380424829960314,0.8651844094616178
2021-09-20,382,333.0177737056657,0.3887478277328117,0.848707860229351
2021-09-21,383,333.0544309777091,0.3963934049388166,0.835479481165428
2021-09-22,384,333.018105786612,0.4046182080427618,0.9054399708936656
2021-09-23,385,333.01241609114373,0.41259987229251,0.8977063254433129
2021-09-24,386,333.02411587960694,0.4204435247650243,0.9143878077283664
2021-09-27,387,333.00786739950667,0.4285089888928042,0.9002639133602006
2021-09-28,388,333.01949097332374,0.4363532462434624,0.8799070533650271
2021-09-29,389,333.2573344483127,0.4424021075530739,0.8704398122932261
2021-09-30,390,333.01205912499955,0.4522852450396861,0.8835098145483132
2021-10-01,391,333.0120456657038,0.4602218597960016,0.946964385063606
2021-10-04,392,333.0098030995108,0.4681761658768983,0.9531956393272932
2021-10-05,393,333.01531337182644,0.476068941493441,0.9577478629394018
2021-10-06,394,333.0368300031176,0.4838346825149402,0.9611765451951674
2021-10-07,395,333.01518840535323,0.4919429491638633,0.950175014804782
2021-10-08,396,333.012278713985,0.499902549889008,0.9379455895655092
2021-10-11,397,333.0097313265646,0.5078592751859954,0.922403437779048
2021-10-12,398,333.0121144535069,0.5157768694166118,0.9063495729232882
2021-10-13,399,333.0174762670201,0.5236708232776185,0.9408241727899588
2021-10-14,400,333.0170457661736,0.5316107478875114,0.9428480390985532
2021-10-15,401,333.0132937538708,0.539577033699438,0.9266433765691612
2021-10-18,402,333.2440117898228,0.5456824461125173,0.8889106629629367
2021-10-19,403,346.01438201833184,0.4522668093783187,0.6962937567682506
2021-10-20,404,346.01598602348133,0.4601905871152275,0.6973232825300224
2021-10-21,405,346.0125263232838,0.4681545529898112,0.6866405474702637
2021-10-22,406,346.0091215881412,0.4761180826337998,0.6918408684217585
2021-10-25,407,346.01123218511566,0.4840378398006694,0.6793567520566683
2021-10-26,408,346.00914506145864,0.4919909122106457,0.657138287207775
2021-10-27,409,346.01520900346827,0.4998792936232676,0.64210791849334
2021-10-28,410,346.0098523494859,0.5078583146866197,0.623842226130483
2021-10-29,411,346.0098402566455,0.5157949185980518,0.6120314784557622
2021-11-01,412,346.01171078009133,0.5237165811103862,0.6149914973883347
2021-11-02,413,346.006944905803,0.531690913446008,0.6333387129180592
2021-11-03,414,358.00024020101284,0.4444425380871996,0.585358852324859
2021-11-04,415,357.9978880809575,0.4523977136431942,0.586543959250495
2021-11-05,416,390.003210182078,0.2063237287136669,0.7635059916763578
2021-11-08,417,362.016966203368,0.436373284100254,0.6726872423560875
2021-11-09,418,362.0143584650406,0.4443304883726938,0.6572414648706
2021-11-10,419,374.0194895524863,0.3569881781548708,0.6415321836692975
2021-11-11,420,362.0158590848408,0.4601915945647553,0.6626717737555218
2021-11-12,421,362.0130873291495,0.4681501005623057,0.7625521443848773
2021-11-15,422,362.0051325473378,0.4761497416877949,0.7381226366588867
2021-11-16,423,362.0249802545959,0.4839287281381282,0.7419585638985362
2021-11-17,424,362.01072718671446,0.4919783556609963,0.7190582365310755
2021-11-18,425,362.0115836701666,0.4999080661097889,0.7042855160095071
2021-11-19,426,362.0085992918876,0.5078682595881936,0.6810196883470855
2021-11-22,427,367.3134555943743,0.4737027333779816,0.5672562318238753
2021-11-23,428,367.25853578452114,0.4820751128212607,0.5505386376509478
2021-11-24,429,367.3209429568397,0.4895163257393679,0.540552496290797
2021-11-26,430,362.0072696903675,0.5396248437272422,0.7992638720575556
2021-11-29,431,374.0114308873975,0.452290231052401,0.7677296752146945
2021-11-30,432,383.0253899811442,0.3886873811020301,0.749322313966216
2021-12-01,433,374.0016439449674,0.4682409210716874,0.852172158826043
2021-12-02,434,390.01646727426095,0.3490756565534845,0.9927922093334162
2021-12-03,435,374.2762875067622,0.4819342261368081,0.9642780028554852
2021-12-06,436,362.00892817456224,0.5872307287733155,0.9532435716537516
2021-12-07,437,362.0043140456472,0.5952038567805781,0.9492752073046082
2021-12-08,438,362.0060113262919,0.6031268942357785,0.9380040284485782
2021-12-09,439,429.3652438706853,0.0764663184866243,0.9999838301400006
2021-12-10,440,429.32837379124834,0.0846954461012036,0.9999641111830484
2021-12-13,441,415.29616464441006,0.2039986932983329,0.9997544533607556
2021-12-14,442,429.332001179849,0.1005396731758016,0.9999157678641042
2021-12-15,443,398.005207105739,0.3571015309068335,0.9753475092944882
2021-12-16,444,390.0015653270611,0.428559005340785,0.9670931882039668
2021-12-17,445,374.00654082859415,0.5634401521540147,0.8839085136471817
2021-12-20,446,374.0070134978789,0.5713729087469928,0.8701964134940678
2021-12-21,447,374.0472596813533,0.5789900025289425,0.8922291187778054
2021-12-22,448,415.00271579734897,0.2618832079575479,0.9990964699398964
2021-12-23,449,429.326089159205,0.1561421495301188,0.9994333682222142
2021-12-27,450,390.3184628669134,0.4736629931197347,0.9302311945490952
2021-12-28,451,390.2674776882295,0.4820041453315122,0.9305724294077928
2021-12-29,452,390.0012112569654,0.492053878912973,0.9170143649576644
2021-12-30,453,390.2837171335561,0.4977482767178088,0.8910433651041388
2021-12-31,454,415.0361246950832,0.3092371055945775,0.9933389661018828
2022-01-03,455,429.281829235421,0.2041124663855475,0.99505232869929
2022-01-04,456,429.0033820332614,0.2142588727518936,0.9940600558235888
2022-01-05,457,415.0027075528004,0.3333118448190443,0.9871564292693388
2022-01-06,458,415.00366473733686,0.341240756052882,0.982346228363509
2022-01-07,459,398.0062580140251,0.4840773173490072,0.8501377712129734
2022-01-10,460,398.0085541282578,0.4919956021566841,0.8295678234818806
2022-01-11,461,390.0057219093973,0.5634466515127197,0.8045956149625081
2022-01-12,462,415.0043214470495,0.3729815758170674,0.9753790857549444
2022-01-13,463,415.00821456144655,0.3808871860202655,0.9712557517714596
2022-01-14,464,429.0115286414725,0.2776862806232339,0.9785178502112664
2022-01-18,465,429.2557691683791,0.2836843716795312,0.9758855013608222
2022-01-19,466,429.0032821441539,0.2936247448876675,0.987200103944874
2022-01-20,467,415.0029011643688,0.4126753875843743,0.9864355651598066
2022-01-21,468,415.00502097696767,0.4205950716113676,0.984270642028348
2022-01-24,469,415.0058279580464,0.4285251749361394,0.979770996150594
2022-01-25,470,415.005050262454,0.4364678550598888,0.9816068948792736
2022-01-26,471,415.0037390681899,0.4444147693000804,0.9768103027382842
2022-01-27,472,415.0042885797824,0.4523469160334727,0.9695799207686338
2022-01-28,473,415.004636992001,0.4602806587936429,0.9590679322547996
2022-01-31,474,415.0038003276232,0.4682238069236258,0.96955790978105
2022-02-01,475,415.0040088426619,0.4761586599788738,0.963544421687651
2022-02-02,476,415.0027532796823,0.4841051327009343,0.952214628872762
2022-02-03,477,415.00430105453415,0.4920293567100464,0.9605932737537132
2022-02-04,478,415.0018703528532,0.4999851559297366,0.9709267123318222
2022-02-07,479,429.0040665564526,0.3967931225678366,0.9460197876907952
2022-02-08,480,429.2395840975081,0.4028604436705706,0.946459380649124
2022-02-09,481,429.28003440994814,0.4104759173813639,0.9518463595648882
2022-02-10,482,429.2446325239893,0.4186933926667515,0.9429410386219282
2022-02-11,483,429.2049517614834,0.4269448272898137,0.948030786622314
2022-02-14,484,415.0023634264768,0.5476002902660572,0.969524113506773
2022-02-15,485,429.0040985380598,0.4444119163646048,0.9640127258793376
2022-02-16,486,429.0009525316777,0.4523733926057326,0.9622328158863596
2022-02-17,487,429.00240753002913,0.4602983529362767,0.9561906430201392
2022-02-18,488,429.0318797446934,0.4680009544071951,0.9493181897648396
2022-02-22,489,429.2463624232487,0.4742352188631057,0.9263405534885708
2022-02-23,490,429.0017255969881,0.484113288912793,0.9521144049085914
2022-02-24,491,429.0019298297167,0.4920481759546294,0.9540590364185833
2022-02-25,492,429.28171265061314,0.4977641853125941,0.9418945557220136
2022-02-28,493,429.0083313879831,0.5078703858096584,0.9536837486468678
2022-03-01,494,429.2635499085709,0.513781349931977,0.9599551469412868
2022-03-02,495,429.2014507958171,0.5222107079697056,0.9675462446119736
2022-03-03,496,429.2183620465115,0.530012999630861,0.9670499525604216
2022-03-04,497,436.986635958319,0.476296540013341,0.6951712501460883
2022-03-07,498,446.007440437957,0.4126393616035156,0.9736679929896108
2022-03-08,499,446.0167653590554,0.4205018622297191,0.7068080814984115
2022-03-09,500,494.6144247065536,0.0427426610590987,0.999906191635998
2022-03-10,501,446.002015135331,0.4364919433703887,0.8732662862213059
2022-03-11,502,446.0156484163687,0.4443202506637403,0.6974550177870988
2022-03-14,503,492.6769103616655,0.0819292828439247,0.9993165902380108
2022-03-15,504,446.00106960617615,0.4603089713795544,0.9202171589571986
2022-03-16,505,492.997156922317,0.0952606593466904,0.9999871100020732
2022-03-17,506,492.9715351207165,0.1034005149149483,0.99997287373286
2022-03-18,507,446.4680525092833,0.4804122816723545,0.8784617100735497
2022-03-21,508,429.229184408204,0.6251652031094921,0.997884410334141
2022-03-22,509,429.1661275458287,0.6336021623346932,0.9971748916025828
2022-03-23,510,446.60703366111255,0.5031187804673607,0.8209278442736265
2022-03-24,511,503.13494288382327,0.0624210882236248,0.8619155580120039
2022-03-25,512,492.9917253220081,0.1508593228412059,0.9997399428364284
2022-03-28,513,495.9860378045888,0.1350314459953273,0.9992007072556308
2022-03-29,514,492.90490771092857,0.1674213673735828,0.9994955323845122
2022-03-30,515,492.8730445010161,0.1756107579284434,0.9991448989133436
2022-03-31,516,492.9922612529093,0.1826011011673863,0.9986027887785264
2022-04-01,517,492.9983638806409,0.190489175550469,0.9978237206547668
2022-04-04,518,492.8844732362611,0.1993295774899912,0.9982746605620414
2022-04-05,519,492.9642128082631,0.2066332316804517,0.9973977281668848
2022-04-06,520,492.9247983300476,0.2148825529361304,0.9971852303663324
2022-04-07,521,478.95875698140935,0.3336606588777036,0.9945019274407346
2022-04-08,522,478.9755327943885,0.3414640254413609,0.9923817424137106
2022-04-11,523,478.9734625438398,0.3494169639377795,0.9919933114060082
2022-04-12,524,492.9565957690357,0.2463762240552723,0.99237883155925
2022-04-13,525,492.8854613505326,0.254877290868789,0.995009037928102
2022-04-14,526,492.9405596648588,0.2623765105963585,0.9970270805874104
2022-04-18,527,478.96289524904273,0.3812468631028354,0.993910060738276
2022-04-19,528,489.4392014807542,0.3060380834860777,0.9916493664799518
2022-04-20,529,492.7606232240587,0.2876141013963596,0.9915045723167892
2022-04-21,530,492.5303355754724,0.2973782890835528,0.9898277442241472
2022-04-22,531,492.5377977176781,0.3052555736692212,0.9867435411607718
2022-04-25,532,478.94718501837855,0.4210540871557258,0.977154067594929
2022-04-26,533,478.9455605818057,0.4290034874459865,0.9759532406776638
2022-04-27,534,489.08057340597344,0.3565033856668774,0.9683857594134512
2022-04-28,535,488.9757015693559,0.3652722097670165,0.9651523338007292
2022-04-29,536,478.9397459257446,0.4528591593194873,0.9575952572630332
2022-05-02,537,478.9401876930653,0.4607921611661484,0.9475955714523426
2022-05-03,538,492.5445360815892,0.3607576501461172,0.949395017431524
2022-05-04,539,478.92820912933496,0.4767602450052781,0.93248869427892
2022-05-05,540,478.920289769753,0.4847596050019601,0.9249567164973228
2022-05-06,541,478.9159359577727,0.4927306670018038,0.9266302338790768
2022-05-09,542,478.8794139564408,0.5009570320917399,0.9418189208007136
2022-05-10,543,489.4738675761451,0.4248105747924992,0.970736932844802
2022-05-11,544,492.5684151282088,0.4081871815221523,0.9711350550344018
2022-05-12,545,492.5205415267529,0.4165036386765644,0.966902069473692
2022-05-13,546,492.5048782191736,0.4245644585779874,0.9653110557581174
2022-05-16,547,492.50658409811103,0.4324874277927695,0.9541818720036546
2022-05-17,548,492.5621993834525,0.4399825445757735,0.9667345402013398
2022-05-18,549,478.9420268620441,0.556015659825047,0.9382486743491292
2022-05-19,550,478.9273960487434,0.5640682853274334,0.9357319551664132
2022-05-20,551,492.5257658210227,0.4640812236426772,0.9375158006310432
2022-05-23,552,478.9268194702971,0.5799458772198641,0.9089888992758538
2022-05-24,553,492.52633008173336,0.4799497612560844,0.9235464185098032
2022-05-25,554,482.0595351016384,0.5709560706219174,0.8960787183821526
2022-05-26,555,478.9616483820445,0.6034789810948852,0.8877445284627804
2022-05-27,556,492.50760195141567,0.5039079210205106,0.9167804808020305
2022-05-31,557,478.9798005139854,0.6192079324286871,0.9607988125823732
2022-06-01,558,492.516934514521,0.5197068689323732,0.9684459582087876
2022-06-02,559,478.9750182261721,0.6351189029668881,0.9454114653495724
2022-06-03,560,482.2924832913451,0.6167263230845628,0.9763682624413628
2022-06-06,561,538.3826692387265,0.179502625089472,0.8993240714683
2022-06-07,562,516.8326036227012,0.3584713998198318,0.8929996788986989
2022-06-08,563,517.1158890172859,0.3641596109739214,0.9091226250286082
2022-06-09,564,517.1497720476707,0.3718272059708675,0.8958837567718815
2022-06-10,565,488.7951521463612,0.604800379790784,0.998894796406802
2022-06-13,566,478.86505836540886,0.6915471558300884,0.9997135330962128
2022-06-14,567,478.8577718487618,0.6995414932637953,0.9995191102044694
2022-06-15,568,517.8409619175292,0.3980876038291335,0.8863043815651152
2022-06-16,569,538.6335154833569,0.2410038453701836,0.9539118042726962
2022-06-17,570,534.5780997056304,0.2811261928124572,0.9587070566032412
2022-06-21,571,533.9105229792393,0.2943609287361959,0.9515654417380784
2022-06-22,572,517.8946511399719,0.4294075306351438,0.9170368275853464
2022-06-23,573,505.9999316874429,0.531746573909183,0.8087139467522184
2022-06-24,574,518.1053414252513,0.4436084013868948,0.9300246390846574
2022-06-27,575,517.8700943664495,0.453411949472623,0.928415855923451
2022-06-28,576,517.671739797746,0.4629227000178889,0.9218368313548864
2022-06-29,577,517.5347658826876,0.4719463025183527,0.9181268486557376
2022-06-30,578,532.5696778209594,0.3605581125320679,0.9310305460865635
2022-07-01,579,517.2840992649575,0.4898087359924009,0.9133155884291716
2022-07-05,580,517.1100497075785,0.4991265896223931,0.9079086656820846
2022-07-06,581,516.9353350928973,0.5084497214849423,0.9075402940925374
2022-07-07,582,516.848762990967,0.5170733095955002,0.9047307165877858
2022-07-08,583,516.686828319863,0.5262950133344204,0.9057504071027156
2022-07-11,584,516.5302921577182,0.535473871764141,0.9062407612042424
2022-07-12,585,516.7326005821515,0.5418047572845122,0.9191866201548682
2022-07-13,586,516.827814656649,0.548985597963103,0.94193797129353
2022-07-14,587,505.9837369278232,0.6429862148585465,0.9271586769934652
2022-07-15,588,530.8169316526437,0.4538338757726691,0.9414757816190822
2022-07-18,589,537.9375262816271,0.4052577279235942,0.921758637672241
2022-07-19,590,537.978016139805,0.412872887779325,0.9189309265813976
2022-07-20,591,529.5153076737126,0.4879737486213282,0.9364823304355316
2022-07-21,592,529.1033437087106,0.4991798118356305,0.9344575843096876
2022-07-22,593,528.5064402522544,0.5118536487916319,0.931815822447827
2022-07-25,594,527.5035376592799,0.5277497011168261,0.933306754084616
2022-07-26,595,526.9327489432759,0.540216278227969,0.933262507197504
2022-07-27,596,525.6609829562659,0.5582461670137626,0.9406188158292904
2022-07-28,597,524.6202239497575,0.5744426670654169,0.9402177484177436
2022-07-29,598,515.3005135128923,0.6563451308500613,0.9664464763346512
2022-08-01,599,542.935199066233,0.4449587375695789,0.866579496954015
2022-08-02,600,514.8717015844318,0.6756214159965732,0.9755747620327712
2022-08-03,601,505.89154890434605,0.7548289769496345,0.9795815601713608
2022-08-04,602,514.7116326478864,0.6927648202548699,0.9763910380715568
2022-08-05,603,514.4817371133734,0.7025258959256083,0.9809374959235652
2022-08-08,604,514.2576444119973,0.7122409173651011,0.983749245906704
2022-08-09,605,542.949087330001,0.4924675608730077,0.8830681657356984
2022-08-10,606,500.7553259517269,0.8352751908593105,0.9409755201897604
2022-08-11,607,542.9660607901258,0.5082058667450337,0.8638184562319097
2022-08-12,608,542.5001517618223,0.5198400653823628,0.7551515345875561
2022-08-15,609,548.5350137364248,0.4798808433617076,0.8050035874405366
2022-08-16,610,505.8457137796622,0.82662131920903,0.9937964924780645
2022-08-17,611,505.821087865167,0.8347532709113731,0.9960747588611818
2022-08-18,612,542.5630158554571,0.5510871757503402,0.8104470371216086
2022-08-19,613,526.0857787289247,0.6897954069132964,0.9044766408887912
2022-08-22,614,548.5249915531934,0.5196429241810044,0.8330968918752617
2022-08-23,615,542.5495211989917,0.5750038000080027,0.8402184347113648
2022-08-24,616,542.5456872158212,0.5829707363823714,0.8513491510495725
2022-08-25,617,505.8300401365401,0.8823012687576182,0.9985304384065036
2022-08-26,618,542.55276670441,0.5987875658380156,0.8692044519088469
2022-08-29,619,569.5212394611543,0.3926885757051244,0.9978976873501088
2022-08-30,620,569.5242141424548,0.4006014750598829,0.9983588979786674
2022-08-31,621,558.7653090813852,0.4939261184017046,0.9457207307396708
2022-09-01,622,558.5698363811923,0.5034139969746642,0.9571505947982988
2022-09-02,623,569.5347951292019,0.4243270227841116,0.9993129161716398
2022-09-06,624,569.9606831299209,0.4288834672228501,0.9990140620298312
2022-09-07,625,556.7234786277785,0.5418771537477898,0.8388981375141176
2022-09-08,626,545.4940391392769,0.6389361973073263,0.6384735298085571
2022-09-09,627,569.5181366430493,0.4562052647377042,0.9943000516683288
2022-09-12,628,562.4699398270695,0.5200798426423052,0.8283556988823949
