date,t,cp_location,cp_location_norm,cp_score
2020-10-28,21,20.99999999999999,5.075305255429287e-16,0.861528873469664
2020-10-29,22,18.2663174194151,0.177794408599281,0.8662499157501713
2020-10-30,23,17.949588984163526,0.2404957626588797,0.8747595505915393
2020-11-02,24,15.010069672455673,0.42809192035925364,0.8181593020284839
2020-11-03,25,18.632750568412273,0.30320235388512984,0.8959204883454899
2020-11-04,26,18.516776936797623,0.3563439553905894,0.9922985326913417
2020-11-05,27,18.523915804980703,0.4036230569056808,0.9838680397804616
2020-11-06,28,18.646308977107584,0.4454138582329722,0.9754755044416221
2020-11-09,29,18.62468569883403,0.49406258576980816,0.988078697750769
2020-11-10,30,18.618910462767523,0.541956644630118,0.988208918373461
2020-11-11,31,18.49061639846719,0.5956849334063243,0.998795122671897
2020-11-12,32,18.389349597053048,0.6481262096641406,0.9955437601763759
2020-11-13,33,18.299447108052647,0.7000263281879692,0.9880661620203715
2020-11-16,34,24.93090445526993,0.4318616926061939,0.7666335671147757
2020-11-17,35,18.19888025373491,0.8000533212507186,0.9185696726312758
2020-11-18,36,18.205966439192917,0.847334931467004,0.929314223786514
2020-11-19,37,24.851350434347232,0.5785071221739413,0.5648376205855713
2020-11-20,38,26.708386380311083,0.5376958866518532,0.5049172219537064
2020-11-23,39,26.695757476735317,0.5859163106316516,0.5272434492614286
2020-11-24,40,31.629191305020775,0.39860993785615356,0.9982574095135204
2020-11-25,41,31.998083147729865,0.4286627072509588,0.9972971104846298
2020-11-27,42,31.950679485187372,0.47853907213393465,0.9991841693032074
2020-11-30,43,31.944828496663572,0.5264367382541156,0.9990441291811486
2020-12-01,44,31.95869989150925,0.5733952432614642,0.9997208240789514
2020-12-02,45,31.952946088894034,0.6212882814812365,0.9997373166326887
2020-12-03,46,31.954903675478995,0.6688141106914764,0.9998983716891483
2020-12-04,47,31.960490511705768,0.7161671184902015,0.9999648816399679
2020-12-07,48,31.95107779229887,0.7642343908429109,0.9999551537392185
2020-12-08,49,31.95909665811548,0.8114715877087866,0.999944637394593
2020-12-09,50,31.94130873792981,0.8599376791461996,0.9997555972057788
2020-12-10,51,31.174756067640473,0.9440592348742631,0.9993541753395805
2020-12-11,52,31.052214073559654,0.9975136155447784,0.9760243216001613
2020-12-14,53,48.650375426228344,0.2071249797034122,0.7510028066655231
2020-12-15,54,48.02468674870162,0.28453872625230386,0.7048612230014977
2020-12-16,55,48.015278276452655,0.3326057963593974,0.6737592907921195
2020-12-17,56,48.00322580593618,0.3807987711458961,0.6591607163984581
2020-12-18,57,48.018968804845905,0.427668152150195,0.6175338485113391
2020-12-21,58,41.97978409019865,0.7628674242762548,0.6366569235461927
2020-12-22,59,38.0000616496664,0.9999970643016001,0.6861570383321492
2020-12-23,60,47.9998665625681,0.5714349255919952,0.6448804389296927
2020-12-24,61,53.973617155677076,0.3345896592534726,0.7972669831918301
2020-12-28,62,53.97205911647171,0.38228289921563274,0.8304121604266474
2020-12-29,63,53.995612894550405,0.4287803383547426,0.8648153924695202
2020-12-30,64,53.95971184750947,0.4781089596424063,0.7988412329034256
2020-12-31,65,53.981250902711814,0.5247023379661041,0.8507305740179322
2021-01-04,66,53.97676258671666,0.5725351149182543,0.9010638074395175
2021-01-05,67,53.963980762387195,0.620762820838705,0.8002602626491591
2021-01-06,68,67.04988723950677,0.045243464785391735,0.9962976225120108
2021-01-07,69,67.07826300088844,0.091511285671979,0.9998200855913709
2021-01-08,70,67.02127069617767,0.1418442525629683,0.9993075255682169
2021-01-11,71,67.02243166125473,0.18940801613072722,0.9991241406761091
2021-01-12,72,67.00906258364003,0.23766368649333186,0.9998669691318424
2021-01-13,73,66.99807099575165,0.2858061430594454,0.999506548013886
2021-01-14,74,66.98173665961933,0.3342030162086034,0.9990577780390311
2021-01-15,75,66.9480505740302,0.3834261631414188,0.9997718777016404
2021-01-19,76,66.94280672156152,0.43129491802087977,0.9993452182858474
2021-01-20,77,62.65559286575035,0.6830670063928405,0.9899137862865848
2021-01-21,78,66.97930906230687,0.5247948065568158,0.9970959461693477
2021-01-22,79,61.37628553887521,0.8392244981487996,0.9442363087178387
2021-01-25,80,72.26429848487618,0.3683667388154201,0.634944612506172
2021-01-26,81,72.10918828648384,0.4233719863579123,0.6680085338789773
2021-01-27,82,69.99803604609222,0.5715220930432274,0.6615288343165349
2021-01-28,83,69.99535960050233,0.6192685904522702,0.7163073741045864
2021-01-29,84,69.68195808060662,0.6818115199711133,0.7561761022173719
2021-02-01,85,69.99390162487524,0.7145761131011793,0.8326848392885041
2021-02-02,86,69.98790783155357,0.7624805794498299,0.866017350955581
2021-02-03,87,69.96778396205997,0.8110579065685729,0.9223380738162753
2021-02-04,88,67.00031727177387,0.999984891820292,0.9067938210963044
2021-02-05,89,68.0,1.0,0.956104413653565
2021-02-08,90,78.53028778010821,0.5461767723757995,0.5654894095468364
2021-02-09,91,81.07934265316443,0.47241225461121755,0.6199011979169344
2021-02-10,92,91.99999982235045,8.459502558772719e-09,0.6629042125651974
2021-02-11,93,84.0181245729106,0.4277083536709241,0.623140609428436
2021-02-12,94,89.06330510228398,0.23508070941504874,0.8864779378317456
2021-02-16,95,89.01431314483766,0.28503270738868297,0.7191039224558784
2021-02-17,96,89.00924138067356,0.33289326758697346,0.7695486938333046
2021-02-18,97,89.00434789969523,0.3807453381097508,0.7605790428819226
2021-02-19,98,89.01208138276294,0.42799612463033604,0.6919714354931077
2021-02-22,99,89.01056619148265,0.4756873242151118,0.7768319923974077
2021-02-23,100,89.00345192243235,0.5236451465508406,0.8572406998992962
2021-02-24,101,89.28644275107703,0.5577884404249032,0.7864305256806654
2021-02-25,102,101.71157513900773,0.01373451719010786,0.9378323961109735
2021-02-26,103,101.3342216907502,0.07932277663094296,0.9129933975548876
2021-03-01,104,98.57267301175625,0.2584441422973214,0.8604975961257164
2021-03-02,105,98.28579459341283,0.3197240669803414,0.8223099864025248
2021-03-03,106,101.02012496435107,0.23713690645947288,0.8190995980136431
2021-03-04,107,101.07692968434178,0.2820509674122963,0.741282005144996
2021-03-05,108,101.03711990646487,0.33156571873976826,0.6722056816302544
2021-03-08,109,101.01119124696174,0.38041946443039315,0.6727074423159545
2021-03-09,110,108.8737181421556,0.0536324694211621,0.8682336203854385
2021-03-10,111,101.01832729681114,0.47531774777089825,0.7475408936009758
2021-03-11,112,101.01176330508667,0.5232493664244441,0.8933893520683287
2021-03-12,113,108.31766273348383,0.22296844126267482,0.7355623150767365
2021-03-15,114,108.33916009084369,0.26956380519791945,0.7182250364483871
2021-03-16,115,108.32529873808932,0.3178429172338421,0.6923728452013426
2021-03-17,116,108.29727064624024,0.3667966358933221,0.60945778929627
2021-03-18,117,108.30709758164099,0.41394773420757197,0.640406390602412
2021-03-19,118,108.27661659499319,0.46301825738127683,0.5751423141801759
2021-03-22,119,104.04560539996154,0.7121140285732598,0.576433104137567
2021-03-23,120,102.94647423225366,0.8120726556069684,0.5491825604979481
2021-03-24,121,112.94647952451014,0.38350097502332675,0.8801961841915357
2021-03-25,122,112.99606419660911,0.4287588477805185,0.9335261364788915
2021-03-26,123,112.98328602613537,0.4769863797078393,0.9384071440971049
2021-03-29,124,112.94408085712149,0.5264723401370718,0.9231635947535717
2021-03-30,125,120.83256141753955,0.1984494563076404,0.9311050230107454
2021-03-31,126,112.31744406482764,0.6515502826272552,0.9389909085910788
2021-04-01,127,112.39761217642278,0.6953518011227247,0.9497056353410074
2021-04-05,128,111.81820389913968,0.770561719088587,0.9575155035604805
2021-04-06,129,111.45440003884767,0.8355047600548731,0.9682856274971199
2021-04-07,130,110.27580689573212,0.939247290679423,0.9920666456189542
2021-04-08,131,121.95804668387797,0.43056920552962064,0.9119928528967103
2021-04-09,132,130.3435887148109,0.07887672786614801,0.9794868639557006
2021-04-12,133,123.51151863842355,0.4518324457893546,0.6614083836203604
2021-04-13,134,123.59351092688954,0.4955470987195459,0.6380937563319429
2021-04-14,135,123.79415173112132,0.5336118223275563,0.6222469931724536
2021-04-15,136,132.05680476702813,0.18777120157008925,0.8315583278696541
2021-04-16,137,132.0309406450039,0.2366218740474329,0.7979690646505894
2021-04-19,138,132.0286833772376,0.2843484106077334,0.8271894369366524
2021-04-20,139,132.0878996929359,0.3291476336697188,0.9545516241909887
2021-04-21,140,132.0833163663722,0.37698493493465707,0.9217888477012675
2021-04-22,141,132.07987229157877,0.4247679861152968,0.94472883198824
2021-04-23,142,132.01236765269624,0.47560154034779806,0.8547517586642221
2021-04-26,143,132.01414347208402,0.5231360251388564,0.9390076250547025
2021-04-27,144,132.0092974574914,0.5709858353575518,0.9267304023386247
2021-04-28,145,132.32401252139624,0.6036184513620837,0.8738445238173227
2021-04-29,146,132.34396742413995,0.6502872655171453,0.7888665855506523
2021-04-30,147,142.0182892151323,0.23722432308893748,0.7521743192137793
2021-05-03,148,142.0715796500065,0.2823057309520715,0.8167110570338626
2021-05-04,149,142.22425321894525,0.32265460862165474,0.7148700402820318
2021-05-05,150,142.25160971426507,0.3689709659873775,0.8069680441664859
2021-05-06,151,142.1851730803295,0.41975366284145277,0.8697835313384741
2021-05-07,152,142.14934597601945,0.469078763046693,0.8925151301229375
2021-05-10,153,138.66388480180333,0.6826721522950793,0.8802425193478357
2021-05-11,154,136.24889056856233,0.8452909253065557,0.9298176569815494
2021-05-12,155,138.48181450226912,0.7865802617967087,0.8447563772472422
2021-05-13,156,142.9865545357153,0.6196878792516524,0.8224890861429153
2021-05-14,157,136.9530986312253,0.9546143508940339,0.8597139316741494
2021-05-17,158,151.03939576847083,0.33145734435853214,0.7175124045541459
2021-05-18,159,151.02190404576027,0.37990933115427306,0.6541321116284113
2021-05-19,160,151.00668836442958,0.42825293502716294,0.6658956800654712
2021-05-20,161,151.97582425260856,0.42972265463768755,0.6805577201135904
2021-05-21,162,151.94698671043795,0.4787149185505736,0.6612023987222517
2021-05-24,163,152.49517405537313,0.5002298068869939,0.8620311996541787
2021-05-25,164,146.88114280630444,0.8151836758902649,0.9077516075497977
2021-05-26,165,151.45666229786949,0.644920842958596,0.7972415918972161
2021-05-27,166,160.0686368129984,0.2824458660476956,0.8565530233204273
2021-05-28,167,156.99864298785653,0.47625509581635583,0.7434708469664115
2021-06-01,168,156.0009203510558,0.5713847451878186,0.7459370084564314
2021-06-02,169,156.00149283867563,0.6189765314916367,0.6539492884483415
2021-06-03,170,157.98035149877188,0.5723642143441962,0.6290621940015637
2021-06-04,171,157.99876774871368,0.6191062976803012,0.6079098994664871
2021-06-07,172,157.64968624022833,0.6833482742748412,0.650680334750315
2021-06-08,173,157.9738034462699,0.715533169225243,0.7149510183826671
2021-06-09,174,163.49144149358779,0.5004075479243911,0.7092294928457934
2021-06-10,175,163.94859312452175,0.526257470260869,0.7256763857160635
2021-06-11,176,155.00015176590944,0.9999927730519316,0.7926367544763113
2021-06-14,177,163.66053256481004,0.6352127350090457,0.56878074366907
2021-06-15,178,167.99950643891543,0.4762139790992651,0.6924854430523988
2021-06-16,179,171.9567131163889,0.3353946135052906,0.9030317176840823
2021-06-17,180,167.99058421118772,0.5718769423243941,0.5963994793697152
2021-06-18,181,167.98613725912503,0.6197077495654748,0.5908202649185912
2021-06-21,182,167.9877588398556,0.6672495790544959,0.6175595340007276
2021-06-22,183,169.98235030646555,0.6198880806444977,0.612440815164793
2021-06-23,184,167.9754985031707,0.7630714998490137,0.6755947395526773
2021-06-24,185,175.05198167997506,0.47371515809642584,0.6324231526552981
2021-06-25,186,167.95809528903635,0.8591383195696976,0.6990974910160292
2021-06-28,187,174.8080254704653,0.5805702156921281,0.6637476881002273
2021-06-29,188,175.7672762999257,0.5825106523844906,0.6403075100546196
2021-06-30,189,177.017375090568,0.5706011861634281,0.6931483901557338
2021-07-01,190,177.0163013758449,0.6182713630550045,0.6464143938122078
2021-07-02,191,184.34028139811002,0.31712945723285607,0.6192188372769019
2021-07-06,192,183.9900530116164,0.3814260470658859,0.6011874926188424
2021-07-07,193,185.00442287899324,0.38074176766698864,0.6037137074901684
2021-07-08,194,184.83622962997836,0.436370017620078,0.6338064267587413
2021-07-09,195,184.55632742192265,0.49731774181320737,0.620434340184839
2021-07-12,196,184.3986558524603,0.552444959406652,0.6214007031957931
2021-07-13,197,184.2685354402531,0.6062602171308052,0.6227551180198604
2021-07-14,198,187.9684672749259,0.4776920345273381,0.6838920781582272
2021-07-15,199,190.08489460080884,0.4245288285329125,0.8899877772377737
2021-07-16,200,189.4334759183549,0.5031678134116714,0.9624947936069045
2021-07-19,201,198.47317325181268,0.12032508324701514,0.9177576273218383
2021-07-20,202,197.9793236054101,0.19146078069475775,0.885167209056859
2021-07-21,203,197.9988061785401,0.23815208673618604,0.9254481890924775
2021-07-22,204,197.9933717734067,0.28602991555206225,0.8836518955925108
2021-07-23,205,197.9950965784662,0.33356682959684814,0.8441198296745397
2021-07-26,206,197.5636519981856,0.4017308572292569,0.7784956561215142
2021-07-27,207,197.42272733114126,0.4560606032789876,0.6987572614313406
2021-07-28,208,194.8940381068061,0.6240934234854235,0.6764632512468653
2021-07-29,209,191.51453014971864,0.8326414214419696,0.9840499284401955
2021-07-30,210,189.97036625948573,0.953792082881632,0.9858461438905043
2021-08-02,211,203.99778581869944,0.3334387705381219,0.9656811389959987
2021-08-03,212,203.9876036361543,0.38154268399265284,0.9838953556605234
2021-08-04,213,203.98698758400582,0.42919106742829444,0.9638297149219833
2021-08-05,214,203.97224115402145,0.47751232599897875,0.977853644912119
2021-08-06,215,203.95246309797454,0.526073185810736,0.979209669377109
2021-08-09,216,203.95649718262683,0.573500134160627,0.9895979577377458
2021-08-10,217,203.9584595068148,0.6210257377707242,0.9898283590662774
2021-08-11,218,203.9453531719473,0.6692688965739386,0.9916513065753219
2021-08-12,219,203.9287438363974,0.7176788649334578,0.9959244723111235
2021-08-13,220,203.94826920348515,0.7643681331673736,0.9983786173905582
2021-08-16,221,203.97293206684142,0.810812758721837,0.9917274131999936
2021-08-17,222,203.91802020220777,0.8610466570377252,0.9610566846201146
2021-08-18,223,212.0569878885156,0.5210958148325902,0.8504787904357816
2021-08-19,224,222.69656068352126,0.06206853887994022,0.8998955075158257
2021-08-20,225,222.9453896831419,0.09783858651705184,0.9777704848848158
2021-08-23,226,219.50424344342773,0.3093217407891559,0.9740739175855742
2021-08-24,227,222.34139510587488,0.22183832829167235,0.9797193215265803
2021-08-25,228,221.25355338336658,0.32125936269682953,0.9805704639363566
2021-08-26,229,221.0365340065823,0.3792126663532245,0.9731358424206912
2021-08-27,230,220.8907759735409,0.43377257268852804,0.958313338033413
2021-08-30,231,220.78367101650022,0.4864918563571323,0.9275728484435857
2021-08-31,232,220.7699523683022,0.5347641729379905,0.9299355263817718
2021-09-01,233,220.72279599462448,0.5846287621607392,0.8918296522006083
2021-09-02,234,220.6616289455725,0.63516052640131,0.8432556879568741
2021-09-03,235,220.6507659053536,0.6832968616498282,0.7890962455695558
2021-09-07,236,226.4675509798914,0.45392614381469526,0.9880558782974558
2021-09-08,237,226.46976607632732,0.5014397106510801,0.9820249490867995
2021-09-09,238,226.48936957307183,0.5481252584251511,0.9868770493369151
2021-09-10,239,226.5167513110372,0.5944404137601328,0.9870295163542936
2021-09-13,240,226.4876259926323,0.6434463813032236,0.987866826575379
2021-09-14,241,226.45994881667403,0.6923833896821892,0.9944229325953865
2021-09-15,242,226.47647006030684,0.7392157114139601,0.9977398160291692
2021-09-16,243,226.302187197348,0.795133942983429,0.9986025689567765
2021-09-17,244,226.79122169247827,0.8194656336915107,0.9979912773218805
2021-09-20,245,226.99689419380343,0.8572907526760273,0.9929596673494455
2021-09-21,246,226.9821668047645,0.9056111045350244,0.995934051441356
2021-09-22,247,226.11257328149023,0.9946393675480844,0.9476510222154838
2021-09-23,248,244.02525726473502,0.18927346358404679,0.9823631482594549
2021-09-24,249,244.02671526716972,0.2368230825157276,0.9633694505871816
2021-09-27,250,244.0242305638268,0.28456044934158137,0.9721249874242659
2021-09-28,251,244.039755511803,0.3314402137236663,0.9755261267090102
2021-09-29,252,244.0206738767934,0.37996791062888524,0.9879740684476268
2021-09-30,253,244.02909583742436,0.4271859125036017,0.9812623435981003
2021-10-01,254,244.0174153797006,0.4753611723952098,0.9724865452109435
2021-10-04,255,244.04092359042312,0.5218607814084228,0.9676798813448461
2021-10-05,256,244.09993485416783,0.5666697688491511,0.9688129892740969
2021-10-06,257,242.7102953189077,0.6804621276710621,0.9743973396447609
2021-10-07,258,248.9372150278838,0.43156118914839003,0.8266875203400061
2021-10-08,259,250.07168349082824,0.4251579290081793,0.7887894668065585
2021-10-11,260,248.90932129997643,0.5281275571439797,0.7494798201266044
2021-10-12,261,248.10737611702174,0.6139344706180122,0.8163876287380022
2021-10-13,262,254.0285901433954,0.37959094555259976,0.8594746999415438
2021-10-14,263,254.03269054734983,0.42701473584048427,0.8413341358047061
2021-10-15,264,253.1109463870016,0.5185263625237331,0.7869681116769903
2021-10-18,265,251.98059957131915,0.6199714489848025,0.8142508258757986
2021-10-19,266,258.10911774178595,0.3757562980101928,0.8706130371945391
2021-10-20,267,258.08263535883054,0.42463641148425985,0.8790083236318065
2021-10-21,268,256.9700366331166,0.5252363508039718,0.9052182880476538
2021-10-22,269,256.99070868601825,0.5718710149515118,0.9062974615482179
2021-10-25,270,251.99955380692606,0.8571641044320925,0.8069807826407364
2021-10-26,271,270.04027830501434,0.04570103309455525,0.915058363983849
2021-10-27,272,256.978944495805,0.7152883573426179,0.783572073172873
2021-10-28,273,256.98277313814947,0.7627250886595491,0.721417964259344
2021-10-29,274,263.3947534899366,0.505011738574448,0.7336764029799208
2021-11-01,275,256.00942051054733,0.9043133090215557,0.8666156094370095
2021-11-02,276,255.82895410305497,0.9605259950926206,0.944833773662044
2021-11-03,277,270.01137627423935,0.33279160598860225,0.7403619920323837
2021-11-04,278,277.99999999399733,2.8584119198577744e-10,0.9937225631697365
2021-11-05,279,278.9999999999324,3.2184202393095586e-12,0.9956550700928568
2021-11-08,280,277.058093566022,0.14009078257037982,0.9953051630422014
2021-11-09,281,273.28714818499043,0.36727865785759867,0.9524585391990942
2021-11-10,282,277.0284227199901,0.23674177523856715,0.9975453222984414
2021-11-11,283,277.01081512027986,0.28519927998667344,0.9947178212637116
2021-11-12,284,277.3285501506838,0.31768808806267707,0.987837712411252
2021-11-15,285,270.32840449802904,0.6986474048557598,0.976921531795498
2021-11-16,286,270.32291671429556,0.7465277755097353,0.951384793234324
2021-11-17,287,270.3103161022358,0.7947468522744863,0.9250094004234529
2021-11-18,288,277.00267511714515,0.5236821372788026,0.9679336233089035
2021-11-19,289,286.01737394733345,0.1420298120317403,0.6542612004105353
2021-11-22,290,289.999901225123,4.703565572245203e-06,0.5615442537473887
2021-11-23,291,286.01221422725564,0.23751360822592188,0.6255501615360535
2021-11-24,292,284.0919758357869,0.37657257924824233,0.6082743457251429
2021-11-26,293,286.0265504918206,0.33206902419901835,0.6173903225401023
2021-11-29,294,286.0203153636924,0.3799849826813134,0.6185896528879071
2021-11-30,295,284.2181719540468,0.5134203831406288,0.6404843522927336
2021-12-01,296,278.98419387166666,0.8102764823015876,0.7179057670109668
2021-12-02,297,278.9639691142163,0.8588586136087477,0.7980226646341272
2021-12-03,298,278.72057635843385,0.9180677924555312,0.8628913831944501
2021-12-06,299,289.0127909537811,0.47558138315327997,0.5959199921249102
2021-12-07,300,291.734562328763,0.39359227005890524,0.6746978141155016
2021-12-08,301,291.49404565657557,0.4526644925440207,0.6293723137670371
2021-12-09,302,292.8862236566098,0.43398934968524827,0.5710325957601801
2021-12-10,303,291.13236122153177,0.565125656117535,0.5999960009660059
2021-12-13,304,291.23734733604766,0.6077453649501113,0.6179065656723415
2021-12-14,305,297.025703677545,0.3797283963073818,0.5626740726295218
2021-12-15,306,303.02304064585763,0.14175996924487458,0.6563667223468692
2021-12-16,307,299.0286493538229,0.37958812600843267,0.6719284749263357
2021-12-17,308,296.8138241338904,0.5326750412433133,0.5960979997229645
2021-12-20,309,289.63693448809005,0.9220507386623786,0.6890035146267379
2021-12-21,310,299.0060759405,0.5235201933095233,0.6876890146551966
2021-12-22,311,303.001777465059,0.38086773975909627,0.6284795760053536
2021-12-23,312,303.007997749063,0.42819058337795196,0.5989485612813912
2021-12-27,313,303.0021737098386,0.47608696619816254,0.586419815900691
2021-12-28,314,303.00102637196693,0.5237606489539557,0.5828740095215476
2021-12-29,315,300.997593950689,0.6667812404433805,0.5876979220115868
2021-12-30,316,303.00074094515287,0.6190123359451014,0.5841796936138045
2021-12-31,317,313.95448060590945,0.14502473305193084,0.9874111197973829
2022-01-03,318,313.870145081972,0.19665975800133342,0.9311708434707435
2022-01-04,319,313.82433595879496,0.24646019243833517,0.9380495384972658
2022-01-05,320,307.9965226770639,0.5715941582350513,0.8768890690577359
2022-01-06,321,307.9953812527232,0.6192675593941344,0.9161609873917909
2022-01-07,322,314.5238145604507,0.35600883045472775,0.8085393103011344
2022-01-10,323,314.1437953939518,0.4217240288594385,0.8580085147541074
2022-01-11,324,309.761641738525,0.6780170600702388,0.8610377623943622
2022-01-12,325,308.41365909589064,0.7898257573385411,0.9298685554374668
2022-01-13,326,307.65423077680975,0.8736080582471546,0.8832170505931166
2022-01-14,327,307.2242434231678,0.9417026941348657,0.9428676923073747
2022-01-18,328,308.05103063876464,0.9499509219635884,0.8127015468778758
2022-01-19,329,315.9412953109747,0.6218430804297771,0.672601520131527
2022-01-20,330,315.6346454276764,0.6840645034439815,0.7090213516008627
2022-01-21,331,310.0000000135195,0.9999999993562131,0.7760281721148026
2022-01-24,332,321.94315292961477,0.4788974795421539,0.5212602700275585
2022-01-25,333,321.99113261215126,0.5242317803737494,0.5399513558547497
2022-01-26,334,322.68371854948975,0.5388705452623926,0.5583708034239272
2022-01-27,335,323.3286281829684,0.5557796103348394,0.5073558161624094
2022-01-28,336,335.9068258808839,0.004436862815052358,0.6216596504792066
2022-01-31,337,336.0053154170247,0.04736593252263382,0.9289546433001954
2022-02-01,338,335.99587399195144,0.09543457181183612,0.927738049517417
2022-02-02,339,332.82328771038334,0.2941291566484124,0.7023151120045854
2022-02-03,340,335.73759893210126,0.20297147942374932,0.8924458312256359
2022-02-04,341,335.7811082417632,0.24851865515413302,0.7812827719385922
2022-02-07,342,332.0211494070521,0.4751833615689466,0.7353660835616391
2022-02-08,343,335.0010914135671,0.38090040887775667,0.7980735450770287
2022-02-09,344,335.8340355568573,0.38885544967346114,0.811381254034609
2022-02-10,345,334.96115843082464,0.4780400747226362,0.632608340458854
2022-02-11,346,335.0011559495566,0.523754478592542,0.8806125540016401
2022-02-14,347,NA,NA,NA
2022-02-15,348,343.06509707755754,0.2349953772591648,0.8633231898346279
2022-02-16,349,343.13549725377067,0.2792620355347302,0.7898765656115262
2022-02-17,350,343.05272812091863,0.33082247043244617,0.8476219713802571
2022-02-18,351,343.0426342798393,0.3789221771505086,0.8339368189343872
2022-02-22,352,343.03618597021955,0.4268482871324024,0.8222679662746887
2022-02-23,353,343.03439562106814,0.4745525894729456,0.8053302860867728
2022-02-24,354,343.0401689052418,0.5218967187980103,0.7557716312719032
2022-02-25,355,343.04953457569695,0.569069782109669,0.7684617333184197
2022-02-28,356,342.43502033335824,0.6459514126972268,0.7048125014718585
2022-03-01,357,343.03828390419324,0.664843623609846,0.6793309107569353
2022-03-02,358,342.3094084033613,0.7471710284113658,0.6826330835361907
2022-03-03,359,351.59969086193007,0.3523956732414252,0.7223388750218684
2022-03-04,360,354.98262004552635,0.2389228549749359,0.7921113435977138
2022-03-07,361,351.40697733805035,0.45681060294998316,0.7326063877433814
2022-03-08,362,351.39697902487103,0.5049057607204271,0.7767804708296584
2022-03-09,363,351.55178457360535,0.5451531155426026,0.7034663334982316
2022-03-10,364,351.35320726354735,0.6022282255453645,0.7699678966139882
2022-03-11,365,355.35500167406144,0.4592856345685028,0.7317345951072555
2022-03-14,366,355.4900965221327,0.5004715941841563,0.7119286917781336
2022-03-15,367,351.17263309056955,0.7536841385443073,0.782693153971362
2022-03-16,368,359.0251028819964,0.42737605323826583,0.6611003524256858
2022-03-17,369,355.3893668431877,0.6481253884196333,0.6763214094354539
2022-03-18,370,359.3727977698611,0.5060572490542329,0.709629671016756
2022-03-21,371,359.10519165784297,0.5664194448646207,0.6491741667255422
2022-03-22,372,363.994550187741,0.3812118958218559,0.6109444297200296
2022-03-23,373,363.9936512576954,0.4288737496335535,0.6272536480686755
2022-03-24,374,364.63789629019465,0.4458144623716835,0.5821204703621703
2022-03-25,375,365.4496651505255,0.454777849974976,0.6069398866988296
2022-03-28,376,365.9240255407438,0.47980830758362863,0.5465649792635293
2022-03-29,377,364.0023175927611,0.6189372574875679,0.5482796734601061
2022-03-30,378,370.9846743894582,0.33406312431151536,0.598548197698958
2022-03-31,379,370.9779544395737,0.3820021695441098,0.7072019264791654
2022-04-01,380,370.9793667225122,0.429553965594656,0.7446157997971765
2022-04-04,381,370.96067079149407,0.47806329564313965,0.7560306320285254
2022-04-05,382,370.980444192027,0.5247407527606194,0.6539957115681447
2022-04-06,383,371.4306067855247,0.550923486403587,0.6216964761461735
2022-04-07,384,370.9753761280218,0.6202201843799132,0.6498652248874479
2022-04-08,385,374.84649845485745,0.4835000735782165,0.8375664037102737
2022-04-11,386,379.1164751580774,0.32778689723441057,0.6450897600866758
2022-04-12,387,377.00468077227515,0.4759675822726119,0.6932654009292258
2022-04-13,388,367.0,1.0,0.7242785895240001
2022-04-14,389,377.00124863457114,0.5713691126394694,0.716822509355916
2022-04-18,390,374.95125862725723,0.71660673203537,0.8130233809206393
2022-04-19,391,374.99916482571683,0.7619445321087223,0.8629150631084928
2022-04-20,392,374.98833781848344,0.8100791515007884,0.8437115472388419
2022-04-21,393,374.9684106293989,0.8586471128857679,0.888222755156492
2022-04-22,394,373.0000000000004,0.999999999999981,0.8798664827480704
2022-04-25,395,374.0000011943461,0.9999999431263756,0.9677966608050003
2022-04-26,396,387.0233866853657,0.4274577768873466,0.6606495706433779
2022-04-27,397,384.00818826664374,0.6186577015883932,0.5787965791301255
2022-04-28,398,397.9999999999936,3.058717300605384e-13,0.8971209108064387
2022-04-29,399,398.9999999991453,4.069988790433854e-11,0.8354250100762652
2022-05-02,400,397.0211075048818,0.14185202357705726,0.9246957738170167
2022-05-03,401,397.0103012788754,0.18998565338688694,0.8597398296535439
2022-05-04,402,397.01792936986897,0.23724145857766826,0.8096233961359348
2022-05-05,403,397.0238535272268,0.2845784034653916,0.8839258098054322
2022-05-06,404,397.00839775795487,0.3329334400973873,0.8292350051000086
2022-05-09,405,397.01261061895434,0.38035187528788855,0.9042062760485065
2022-05-10,406,397.00167239527104,0.4284917907013789,0.8663944596767621
2022-05-11,407,397.26106672300466,0.4637587274759686,0.8285767316093856
2022-05-12,408,397.0028711859022,0.5236728006713227,0.8207326015222874
2022-05-13,409,397.0137891442958,0.5707719455097239,0.8337717261411142
2022-05-16,410,401.9907280729394,0.3813939012885991,0.6115798481609438
2022-05-17,411,402.2450623851714,0.4169017911823132,0.619615562677996
2022-05-18,412,402.580247141114,0.44855965994695235,0.5956518579572561
2022-05-19,413,397.28460621607906,0.7483520849486164,0.7359063697245372
2022-05-20,414,402.06720851779977,0.5682281658190586,0.5210260793352168
2022-05-23,415,402.0163176919181,0.6182705860991372,0.5194921029262409
2022-05-24,416,412.63766849998757,0.16011102381011574,0.8137708764208234
2022-05-25,417,412.6424441933476,0.2075026574596374,0.6895352277244657
2022-05-26,418,405.67169046610053,0.5870623587571177,0.5260439534288459
2022-05-27,419,412.68433484945604,0.30074595954971256,0.6650399785702966
2022-05-31,420,412.99248158541656,0.3336913530754021,0.7117928007409116
2022-06-01,421,419.80331137421916,0.05698517265623033,0.8169639318811419
2022-06-02,422,412.9961480630945,0.4287548541383574,0.6951271379654584
2022-06-03,423,412.98371393382797,0.476966003151049,0.7035815985713928
2022-06-06,424,403.01173030555515,0.9994414140211835,0.629949707530538
2022-06-07,425,412.9966553426363,0.5715878408268428,0.7856023793570948
2022-06-08,426,412.99619195158414,0.6192289546864697,0.8478678569579055
2022-06-09,427,412.98872870688353,0.6672033949103079,0.7752067328802471
2022-06-10,428,412.98671184145417,0.7149184837402778,0.7480131650504329
2022-06-13,429,412.97492326894286,0.7630988919551019,0.6846871103826242
2022-06-14,430,424.01259964629025,0.2851143025576069,0.7372617253561171
2022-06-15,431,419.9971968954216,0.5239430049799234,0.5858987700251861
2022-06-16,432,419.99905454759676,0.5714735929715831,0.5905837743355143
2022-06-17,433,425.3354881444322,0.3649767550270385,0.6692048890833023
2022-06-21,434,425.91327691580483,0.38508205162834147,0.7634667778142055
2022-06-22,435,425.4803601675994,0.453316182495268,0.714171128573762
2022-06-23,436,425.15249819932484,0.5165477047940553,0.7162957284861539
2022-06-24,437,425.1512543724085,0.5642259822662611,0.7157933246076943
2022-06-27,438,425.0297982570012,0.6176286544285154,0.6743623710542014
2022-06-28,439,425.1201243615276,0.6609464589748768,0.7014695748677302
2022-06-29,440,434.983079065533,0.2389009968793814,0.6146043850737731
2022-06-30,441,439.9342054650373,0.050752120712510465,0.6974256323310981
2022-07-01,442,439.99280315433435,0.09558080217455459,0.8094574978616025
2022-07-05,443,434.98864847041773,0.38149292998010814,0.6623409067994894
2022-07-06,444,440.16467461423076,0.18263454217948752,0.6459064040115154
2022-07-07,445,434.98753217752767,0.47678418202249195,0.6007682754788979
2022-07-08,446,434.9841242462954,0.5245655120811724,0.6376918132436602
2022-07-11,447,434.9779558339939,0.5724782936193373,0.654338713700976
2022-07-12,448,440.00616781808776,0.38065867532915426,0.6895409269731219
2022-07-13,449,439.8861066302864,0.433994922367314,0.7434607716575738
2022-07-14,450,447.9763880361427,0.09636247446939619,0.8098816063239352
2022-07-15,451,443.96286902099945,0.33510147519050243,0.7576177683197833
2022-07-18,452,447.847346399964,0.19774540952552333,0.9940299724130295
2022-07-19,453,443.9924759762563,0.42892971541636726,0.741103330682466
2022-07-20,454,447.890356104203,0.2909354236093799,0.9521794687591862
2022-07-21,455,447.9197439401258,0.3371550504702008,0.9315583930310016
2022-07-22,456,448.8607746658041,0.33996311115218497,0.8671585615720697
2022-07-25,457,448.5363524485447,0.40303083578358684,0.8744280678019851
2022-07-26,458,448.50000155799864,0.4523808781905408,0.8465294058684122
2022-07-27,459,458.9995452251421,2.1655945612933248e-05,0.9201415505331693
2022-07-28,460,458.35818754404994,0.07818154552143142,0.8891082433306345
2022-07-29,461,450.7599860401944,0.487619712371695,0.7410259524070955
2022-08-01,462,450.3702009197446,0.5537999562026379,0.7214297570398729
2022-08-02,463,450.06784546105047,0.6158168828071207,0.7103564676409173
2022-08-03,464,450.9116354937909,0.6232554526766226,0.734301647293001
2022-08-04,465,455.00718186591376,0.475848482575535,0.7957459964794286
2022-08-05,466,455.0053315578729,0.5235556401012895,0.8436149962283154
2022-08-08,467,455.0097386500281,0.5709648261891376,0.8802376769382526
2022-08-09,468,452.10061031093255,0.7571137947174975,0.8104637967851771
2022-08-10,469,452.19842931795114,0.8000747943832791,0.993027838941541
2022-08-11,470,466.0394892844372,0.18859574836013357,0.827105357425178
2022-08-12,471,464.7025661223227,0.2998778036989187,0.8044033507230163
2022-08-15,472,463.7401835638195,0.3933245921990701,0.7555005923907367
2022-08-16,473,463.01050216391985,0.4756903731466737,0.7365270004691176
2022-08-17,474,462.55377149047666,0.5450585004534922,0.7386840861404524
2022-08-18,475,462.46361025078136,0.596970940438983,0.7309224922604833
2022-08-19,476,466.0282027517011,0.47484748801423393,0.6630481262491656
2022-08-22,477,462.7713784322091,0.677553407990044,0.7035368145765744
2022-08-23,478,462.71034569865867,0.728078776254349,0.7128799475945646
2022-08-24,479,471.9899117599587,0.3338137257162516,0.6092152712892378
2022-08-25,480,472.3995851453483,0.361924516888177,0.6179482842251294
2022-08-26,481,480.07690624939187,0.043956845267053894,0.8973320895392813
2022-08-29,482,479.97346912952105,0.09650147002280716,0.8002106384190663
2022-08-30,483,479.2332448130056,0.1793692946187797,0.7331375285772661
2022-08-31,484,473.3103652049255,0.5090302283368802,0.6606251395522784
2022-09-01,485,473.4402671734528,0.5504634679308186,0.6764274658284014
2022-09-02,486,473.2820363063902,0.6056173187433247,0.6586557980758159
2022-09-06,487,473.05803479262335,0.663903105113174,0.6469003911174845
2022-09-07,488,472.74132348182144,0.7266036437227886,0.7077304240985172
2022-09-08,489,479.0129340709297,0.47557456805096654,0.5925134430597541
2022-09-09,490,480.50680189982256,0.4520570523894018,0.7242601152665349
2022-09-12,491,479.15879405018353,0.5638669499912604,0.6020290970669884
2022-09-13,492,483.30508822410354,0.4140434178998313,0.6873504784892409
2022-09-14,493,484.0228536685579,0.4274831586401,0.6073047493907213
2022-09-15,494,483.1464240169813,0.5168369515723183,0.6154979563572316
2022-09-16,495,481.98928399853935,0.6195579048314596,0.5959762174211656
2022-09-19,496,486.87962748964594,0.4343034528740028,0.6347432154862258
2022-09-20,497,486.7409054830531,0.48852831033080485,0.6367697153115293
2022-09-21,498,485.9808440854117,0.5723407578375372,0.6509542165138898
2022-09-22,499,485.98816035400273,0.6196114117141557,0.6397087296939905
2022-09-23,500,481.92218814901065,0.8608481833804452,0.7561386745608479
2022-09-26,501,481.6812772343677,0.9199391793158233,0.8292543479230045
2022-09-27,502,496.3684790613027,0.2681676637474901,0.8091866393553395
2022-09-28,503,492.67059309361264,0.4918765193517792,0.7561521442764562
2022-09-29,504,496.3195634325347,0.36573507464120375,0.7304798004425075
2022-09-30,505,496.0183916066539,0.42769563777838604,0.7950723180807486
2022-10-03,506,492.1550939890993,0.6592812386143178,0.9000390892897268
2022-10-04,507,495.9581431227866,0.5258027084387322,0.6589741149420362
2022-10-05,508,492.9506877241028,0.7166339178998664,0.7886337692531045
2022-10-06,509,492.9451932162242,0.7645146087512287,0.8578254024200237
2022-10-07,510,505.63464582611874,0.2078740082800599,0.7799933577409517
2022-10-10,511,500.89057685901275,0.48140110195177366,0.7756705008418041
2022-10-11,512,499.80363884065247,0.5807791028260729,0.7722218863222441
2022-10-12,513,492.0000000242933,0.9999999988431769,0.9132761677728087
2022-10-13,514,502.0007984223402,0.5713905513171328,0.8618894789609539
2022-10-14,515,502.0145397804974,0.6183552485477435,0.8232565121653772
2022-10-17,516,515.9997943996757,9.790491633663936e-06,0.8448944310048033
2022-10-18,517,504.2336454853214,0.6079216435561237,0.7866285986728704
2022-10-19,518,505.9096322204337,0.5757317990269664,0.7484759145743793
2022-10-20,519,505.9271457741925,0.622516867895594,0.6630773627047184
2022-10-21,520,505.93669337338014,0.6696812679342792,0.5936052293657983
2022-10-24,521,511.9967565250788,0.42872587975815196,0.5854022369356447
2022-10-25,522,512.0002263567953,0.4761796972954601,0.7454324526664593
2022-10-26,523,512.0001287676023,0.5238033920189386,0.7542592994907562
2022-10-27,524,511.08767281467146,0.6148727231108827,0.5686027016430519
